case_id,language,subtype,ref,dur_sec,hyp_e1,hyp_e2,hyp_e3,hyp_e4
q001,mandarin,A1,您好我是陳大天，身分證A123456789，民國七十年三月五日生，想問一下我那張凱基享安心的繳費紀錄。,13.57,您好 我是陳大天 身分證A123456789 民國七十年三月五日生 想問一下我那張 凱基祥安心的繳費紀錄,您好 我是陳大天 身分證A123456789 民國七十年三月五日生 想問一下我那張 凱基享安心的繳費紀錄,您好 我是陳大天 身分證A123456789 民國七十年三月五日生 想問一下我那張凱基祥安心的繳費紀錄,您好，我是陳大天 身分證A123456789 民國七十年三月五日生 想問一下我那張 凱基享安心的繳費紀錄
q002,mandarin,A1,您好，我林淑芬，身分證B201234567，民國五十八年八月十二日生，麻煩幫我看一下我這張終身壽險目前的保額還有累積到的保價金。,15.36,您好 我林淑芬 身分證B201234567 民國58年8月12日生 麻煩幫我看一下 我這張終生壽血目前的寶額 還有累積到的保駕金,您好 我林淑芬 身分證B201234567 民國五十八年八月十二日生 麻煩幫我看一下 我這張終身壽險目前的保額 還有累積到的保價金,您好，我林淑芬 身分證B201234567 民國五十八年八月十二日生 麻煩幫我看一下 我這張終生壽血目前的寶額 還有累積到的保駕金,您好，我林淑芬 身分證B201234567 民國五十八年八月十二日生 麻煩幫我看一下 我這張終身壽險目前的保額 還有累積到的保價金
q003,mandarin,A1,妳好我王小明，身分證字號C112345678，民國六十五年十二月二十日生，我想了解新康泰住院醫療附約這次理賠的給付方式是怎麼計算。,17.07,你好 我王小明 身分證字號CE12345678 民國六十五年十二月二十日生 我想了解新康泰住院醫療赴約 這次理賠的給付方式是怎麼計算,你好 我王小明 身分證字號CE12345678 民國六十五年十二月二十日生 我想了解新康泰住院醫療附約 這次理賠的給付方式是怎麼計算,你好 我王小明 身分證字號（CE12345678） 民國六十五年十二月二十日生 我想了解新康泰住院醫療赴約 這次理賠的給付方式是怎麼計算,你好我王小明 身分證字號CE12345678 民國六十五年十二月二十日生 我想了解新康泰住院醫療附約 這次理賠的給付方式是怎麼計算
q004,mandarin,A1,您好，我是張志強，身分證D231234567，民國七十二年九月二十五日生，想申請我那張投資型保單帳戶的部分提領，金額大概十萬塊。,16.02,您好 我是張志強 身分證231234567 民國七十二年九月二十五日生 想申請我那張 投資型保單帳戶的部分提領 金額大概十萬塊,您好 我是張志強 身分證231234567 民國七十二年九月二十五日生 想申請我那張 投資型保單帳戶的部分提領 金額大概十萬塊,您好，我是張志強 身分證第二三一二三四五六七 民國七十二年九月二十五日生 想申請我那張 投資型保單帳戶的部分提領 金額大概十萬塊,您好，我是張志強 身分證231234567 民國七十二年九月二十五日生 想申請我那張 投資型保單帳戶的部分提領 金額大概十萬塊
q005,mandarin,A1,妳好我吳怡君，身分證F221234567，民國八十年一月十日生，凱基心康泰我有理賠的問題想諮詢，麻煩幫我轉給理賠專員可以嗎。,16.49,你好 我吳怡君 身分證F22-1234567 民國八十年一月十日生 凱基辛康泰 我有理賠的問題想諮詢 麻煩幫我轉給理賠專員可以嗎,你好 我吳怡君 身分證F22-1234567 民國八十年一月十日生 凱基、新康泰 我有理賠的問題想諮詢 麻煩幫我轉給理賠專員可以嗎,你好 我吳怡君 身分證F22-1234567 民國八十年一月十日生 凱基辛康泰 我有理賠的問題想諮詢 麻煩幫我轉給理賠專員可以嗎,你好 我吳一軍 身分證F221234567 民國八十年一月十日生 凱基、新康泰 我有理賠的問題想諮詢 麻煩幫我轉給理賠專員可以嗎
q006,mandarin,A1,您好，我李建宏，身分證號E115678901，民國六十三年七月七日生，請幫我查一下我的長期照顧保險目前是不是還在有效期內，有沒有欠繳。,15.84,您好 我李建宏 身分證號1115678901 民國六十三年七月七日生 請幫我查一下 我的長期照顧保險 目前是不是還在有效期內 有沒有欠繳,您好 我李建宏 身分證號1115678901 民國六十三年七月七日生 請幫我查一下 我的長期照顧保險 目前是不是還在有效期內 有沒有欠繳,您好，我李建宏 身分證號1115678901 民國六十三年七月七日生 請幫我查一下 我的長期照顧保險 目前是不是還在有效期內 有沒有欠繳,您好，我李建宏，身分證號1115678901，民國六十三年七月七日生 請幫我查一下我的長期照顧保險 目前是不是還在有效期內 有沒有欠繳
q007,hokkien,A1,你好我是黃美玲，身分證G134567890，民國六十年四月一日生，想要問看看我那張凱基享放心的長照保險可以加保到幾歲，超過七十歲還可以續保嗎。,17.02,你好 我是黃美玲 身分證古一三四五六七八九零 民國六十年四月一號生 想要問問看我那張 開奇香放心的張教保險 可以加保到幾歲 超過七十歲可以繼續保嗎,你好 我是黃美玲 身分證古一三四五六七八九零 民國六十年四月一號生 想要問問看我那張 凱基人壽、放心的長照保險 可以加保到幾歲 超過七十歲可以繼續保嗎,你好 我是黃美玲 身分證高一三四五六七八九零 民國六十年四月一號生 想要問問看我那張開支票 放心的張教保險可以加保到幾歲 超過七十歲可以繼續保嗎,你好，我是洪美玲 身分證古一三四五六七八九零 民國六十年四月一號生 想要問問看我那張 凱基人放心的長照保險 可以加保到幾歲 超過七十歲可以繼續保嗎
q008,hokkien,A1,你好我許文傑，身分證H251234567，民國七十五年六月十八日生，麻煩幫我確認我這張醫療附約這個月有沒有成功扣款，怕又漏掉。,16.92,你好 我是文傑 身分證 夏日五一二三四五六七 民國七十五年六月十八號出生 麻煩你替我確定一下 我這張醫療赴約一個月 有沒有成功扣款 怕又漏了,你好 我是文傑 身分證 夏日五一二三四五六七 民國七十五年六月十八號出生 麻煩你幫我確定一下 我這張醫療附約 一個月有成功扣款嗎 怕又漏了,你好 我是文傑 身分證下字五一二三四五六七 民國七十五年六月十八號出生 麻煩你替我確定一下 我這張醫療赴約一個月 有沒有成功扣款 怕又漏了,你好，我是文傑 身分證合字51234567 民國七十五年六月十八號出生 麻煩你幫我確定一下 我這張醫療附約 一個月有成功扣款嗎 怕又漏了
q009,hokkien,A1,你好我蔡雅婷，身分證J123456789，八十二年五月十五日生，想要諮詢一下我這張新康泰的住院理賠標準，加護病房跟普通病房給付差很多嗎。,17.12,你好 我蔡雅婷 身分證123456789 八十二年五月十五號生 想要諮詢一下 我這張新康泰的住院里輩標準 家和病房跟普通病房 戶數差很多,你好 我蔡雅婷 身分證123456789 八十二年五月十五號生 想要諮詢一下 我這張新康泰的住院理賠標準 加護病房跟普通病房 符合差很多,你好 我蔡雅婷 身分證一二三四五六七八九 八十二年五月十五號生 想要諮詢一下 我這張新康泰的住院里輩標準 家和病房跟普通病房符合差很多,你好 我蔡雅婷 身分證一二三四五六七八九 八十二年五月十五號生 想要諮詢一下 我這張新康泰的住院理賠標準 加護病房跟普通病房 護理費差很多
q010,hokkien,A1,你好，我周建華，身分證K215678901，民國六十八年十一月三日生，幫我查我那張凱基增優利的年金給付日期是哪一天開始，每年領多少。,17.86,你好 我周建華 身分證T215678901 民國六十八年十一月三日生 幫我查那張 花期前有利的年金給富二期 是哪一天開始 每年領多少,你好 我周建華 身分證K215678901 民國六十八年十一月三日生 幫我查那張花期前有利的年金 給付日期是哪一天開始 每年領多少,你好，我是周建華 身分證T215678901 民國六十八年十一月三日出生 幫我查那張花期前有利的年金 給富士山是哪一天開始 每年領多少,你好，我是周建華 身分證T215678901 民國六十八年十一月三日出生 幫我查那張花期前有利的年金 給付日期是哪一天開始 每年領多少
q011,hokkien,A1,你好我是劉怡萱，身分證A234567891，民國七十一年二月十四日生，我想了解我這張儲蓄險到期之後可以拿多少滿期保險金。,14.86,你好 我是劉怡宣 身分證A234567891 民國七十一年二月十四號生 我想了解我這張房子 死嫌到期後 可以拿多少滿期的保險金,你好 我是劉怡宣 身分證A234567891 民國七十一年二月十四號生 我想要了解我這張房子 死險到期後 可以拿多少滿期的保險金,你好 我是劉怡宣 身分證A234567891 民國七十一年二月十四號出生 我想了解我這張房子死險到期後 可以拿多少滿期的保險金,你好，我是劉怡宣 身分證A234567891 民國七十一年二月十四號生 我想了解我這張房子死險到期後 可以拿多少滿期的保險金
q012,hokkien,A1,你好我鄭文豪，身分證B112345670，民國五十九年十月八日生，麻煩幫我確認我那張防癌險的保障範圍有沒有包含初期癌症。,16.72,你好 我鄭文豪 身分證BEN112345670 民國五十九年十月八號出生 麻煩你幫我確認 我那張被驗的保障範圍 包不包括初期癌症,你好 我鄭文豪 身分證BEN112345670 民國五十九年十月八日出生 麻煩你幫我確定一下 我那張被染險的保障範圍 有沒有包含初期的癌症,你好 我鄭文豪 身分證編一一二三四五六七零 民國五十九年十月八號出生 麻煩你替我確定一個 我那張被染險的保障範圍 有沒有包含初期的癌症,你好，我鄭文豪 身分證編一一二三四五六七零 民國五十九年十月八號出生 麻煩你替我確定一個 我那張被染險的保障範圍 有沒有包含初期的癌症
q013,codeswitch,A1,您好我是楊雅雯，身分證C234567812，民國七十三年八月十六日生，我想要問看看我那張凱基心康泰住院的時陣可以給付多少錢，門診手術也算嗎。,18.15,您好 我是楊雅雯 身分證C234567812 民國七十三年八月十六日生 我想要問問看 我那張開基金空檯住院的時候 可以給付多少錢 門診手術也算了,您好 我是楊雅雯 身分證C234567812 民國七十三年八月十六日生 我想要問問看我那張凱基生 空殼住院的時候可以給付多少錢 門診手術也算了,您好 我是楊雅雯 身分證C234567812 民國七十三年八月十六日生 我想要問問看我那張 開基辛空殼住院的時候 可以給付多少錢 門診手術也算了,您好，我是楊雅雯 身分證C234567812 民國七十三年八月十六日生 我想要問問看我那張 凱基人壽、心康泰住院的時候 可以給付多少錢 門診手術也算了
q014,codeswitch,A1,您好我賴志偉，身分證D131234560，民國六十六年五月一日生，拜託幫我看一下我這張投資型壽險的帳戶價值現在大概還剩多少。,15.79,您好 我賴志偉 身分證131234560 民國六十六年五月一日生 拜託你幫我看看 我這張投資型受險的桃園 價值現在大概還剩多少,您好 我賴志偉 身分證 民國六十六年五月一日生 拜託你幫我看看 我這張投資型壽險的討護價值 現在大概還剩多少,您好，我賴志偉 身分證131234560 民國六十六年五月一日生 拜託您看看我這張投資型 受險的頭號價值 現在大概還剩多少,您好我賴志偉 身分證131234560 民國六十六年五月一日生 拜託你幫我看看 我這張投資型壽險的套戶價值 現在大概還剩多少
q015,codeswitch,A1,妳好我是何美華，身分證E212345671，民國七十六年三月二十日生，我想要諮詢看看我這張凱基享安心的傷害險，騎機車摔倒的骨折給付多少。,17.59,你好 我是何美華 身分證1212345671 民國七十六年三月二十日生 我想要諮詢看看 我這張太極想安心的傷害險 騎摩托車跌倒的骨折後付多少,你好 我是何美華 身分證1212345671 民國七十六年三月二十日生 我想要諮詢看看 我這張凱基最安心的傷害險 騎摩托車跌倒的骨折後付多少,你好 我是何美華 身分證1212345671 民國七十六年三月二十日生 我想要諮詢看看 我這張太極想安心的傷害險 騎摩托車跌倒的骨折後付多少,你好 我是何美華 身分證1212345671 民國七十六年三月二十日生 我想要諮詢看看 我這張凱基最安心的傷害險 騎摩托車跌倒的骨折後付多少
q016,codeswitch,A1,您好我蘇建文，身分證F134567890，民國六十二年九月十二日生，幫我確認一下我那張終身壽險上個月的自動扣繳有沒有成功。,14.91,你好 我蘇健文 身分證F134567890 民國六十二年九月十二日生 我確定一個活拍那場 終身受險上個月的 自動套牢有成功,你好 我蘇健文 身分證F134567890 民國六十二年九月十二日生 我確定一個我 拍照終身壽險上個月的 自動透過六天有成功,你好 我蘇健文 身分證F134567890 民國六十二年九月十二日生 我確定一個我 拍照終身受險上個月的 自動透漏有成功嗎,你好 我蘇健文 身分證F134567890 民國六十二年九月十二日生 我確定一個我那張 終身壽險上個月的 自動套納有成功嗎
q017,codeswitch,A1,妳好我是廖淑娟，身分證G225678901，民國七十四年七月二十八日生，我想要問看一下我這張長照險每個月可以領多少分期保險金，可以領幾年。,17.73,你好 我是廖淑娟 身分證G225678901 民國七十四年七月二十八日生 我想要問問看 我這張長照 每個月可以領多少分期保險金 可以領幾年,你好 我是廖淑娟 身分證G225678901 民國七十四年七月二十八日生 我想要問問看 我這張長照險 每個月可以領多少分期保險金 可以領幾年,你好 我是廖淑娟 身分證G225678901 民國七十四年七月二十八日生 我想要問問看 我這張長照 每個月可以領多少分期保險金 可以領幾年,你好 我是廖淑娟 身分證G225678901 民國七十四年七月二十八日生 我想要問問看 我這張長照險 每個月可以領多少分期保險金 可以領幾年
q018,codeswitch,A1,您好我江俊德，身分證H143215679，民國六十九年十二月二日生，麻煩幫我看一下我那張新康泰的醫療給付這個月有沒有按時匯入我的帳戶。,17.58,您好 我江俊德 身分證H14-321-5679 民國六十九年十二月二日生 麻煩您幫我看一下 我那張新空檯的醫療服務 這個月有按時回帖我的套則嗎,您好 我江俊德 身分證H14-321-5679 民國六十九年十二月二日生 麻煩您幫我看看 我那張新康泰的醫療護照 這個月有按時匯入我的套舊嗎,您好，我江俊德 身分證H14-321-5679 民國六十九年十二月二日生 麻煩您幫我看看 我那張新胸台的醫療服務 這個月有按時回帳替我的套則嗎,您好，我江俊德 身分證H14-321-5679 民國六十九年十二月二日生 麻煩您幫我看看 我那張新康泰的醫療服務 這個月有按時匯入我的套折嗎
q019,mandarin,A2,您好我是陳大天，身分證A123456789，民國七十年三月五日生，保單號碼KGI-2024-001234，我想申請凱基享安心的住院理賠，上禮拜剛出院。,19.9,您好 我是陳大天 身分證A123456789 民國七十年三月五日生 保單號碼KGI2024001234 我想申請凱基祥安心的住院理賠 上禮拜剛出院,您好 我是陳大天 身分證A123456789 民國七十年三月五日生 保單號碼KGI2024001234 我想申請凱基祥安心的住院理賠 上禮拜剛出院,您好 我是陳大天 身分證A123456789 民國七十年三月五日生 保單號碼KGA2024001234 我想申請凱基祥安心的住院理賠 上禮拜剛出院,您好，我是陳大天 身分證A123456789 民國七十年三月五日生 保單號碼KGI2024001234 我想申請凱基祥安心的住院理賠 上禮拜剛出院
q020,mandarin,A2,妳好我邱雅芳，身分證J234567890，民國七十八年四月十一日生，保單號K-2018-0042，想申請這張防癌險的化療給付，醫院已經開診斷證明書了。,17.92,你好 我邱雅芳 身分證宅234567890 民國七十八年四月十一日生 保單號K 20180042 想申請這張妨礙險的化療給付 醫院已經開診斷證明書了,你好 我邱雅芳 身分證 宅234567890 民國七十八年四月十一日生 保單號K 20180042 想申請這張妨礙險的化療給付 醫院已經開診斷證明書了,你好 我邱雅芳 身分證 宅234567890 民國七十八年四月十一日生 保單號K 20180042 想申請這張妨礙險的化療給付 醫院已經開診斷證明書了,你好 我邱雅芳 身分證 宅234567890 民國七十八年四月十一日生 保單號K20180042 想申請這張妨礙險的化療給付 醫院已經開診斷證明書了
q021,hokkien,A2,你好我曾國偉，身分證K123456780，民國六十一年六月十日生，保單號碼KL-2020-987654，麻煩幫我申請這張新康泰的手術理賠金，闌尾炎開刀住三天。,18.07,你好 我莊國維 身分證K123456780 民國六十一年六月十號生 保單號碼2020987654 麻煩替我申請這張 新康台的手術禮佩金 我開刀住三天,你好 我曾國維 身分證 K123456780 民國六十一年六月十日出生 保單號碼2020987654 麻煩幫我申請這張 新康泰的手術理賠金 我開刀住三天,你好 我莊國維 身分證K123456780 民國六十一年六月十號生 保單號碼2020987654 麻煩替我申請這張 新康台的手術歷背金 我開刀住三天,你好 我莊國維 身分證K123456780 民國六十一年六月十號生 保單號碼2020987654 麻煩替我申請這張 新康泰的手術理賠金 我開刀住三天
q022,hokkien,A2,你好我是黃美玲，身分證G134567890，民國六十年四月一日生，保單號KGI20230011，幫我申請我這張凱基享放心長照險的失能保險金，已經有醫師診斷書。,20.95,妳好 我是黃美鈴 身分證告一三四五六七八九零 民國六十年四月一號星 保單號二○二三○○一一 替我申請我這張 開吉祥放心臟照XEN的 適齡保險金 已經有一書診斷書了,妳好 我是黃美鈴 身分證告一三四五六七八九零 民國六十年四月一號星 保單號二○二三○○一一 幫我申請我這張 凱吉祥放心臟照X光的適齡保險金 已經有一書診斷書了,您好，我是黃美鈴 身分證告一三四五六七八九零 民國六十年四月一號星 保單號二○二三○○一一 幫我申請我這張 開吉祥放心臟照X的適齡保險金 已經有一書診斷書了,您好，我是洪美玲 身分證告一三四五六七八九零 民國六十年四月一號星 保單號二○二三○○一一 幫我申請我這張 凱吉祥放心臟照X的適齡保險金 已經有一書診斷書了
q023,codeswitch,A2,您好我張志強，身分證D231234567，民國七十二年九月二十五日生，保單號K2019005678，我想要申請我這張凱基增優利的年金給付，請問需要準備什麼文件。,20.69,您好我張志強 身分證231234567 民國七十二年九月二十五日生 保單號K2019005678 我想要申請我這張 開之前有利的年金給付 請問需要準備什麼文件,您好我張志強 身分證231234567 民國七十二年九月二十五日生 保單號K2019005678 我想要申請我這張 凱基前有利的年金給付 請問需要準備什麼文件,您好我張志強 身分證231234567 民國七十二年九月二十五日生 保單號K2019005678 我想要申請我這張 開之前有利的年金給付 請問需要準備什麼文件,您好我張志強 身分證231234567 民國七十二年九月二十五日生 保單號K2019005678 我想要申請我這張 凱基前有利的年金給付 請問需要準備什麼文件
q024,codeswitch,A2,您好我林淑芬，身分證B201234567，民國五十八年八月十二日生，保單號KGI-2022-555888，麻煩幫我看這張終身壽險的解約金大概有多少，跟總繳保費差多少。,20.78,您好 我林淑芬 身分證B2012-34567 民國五十八年八月十二日生 保單號KGI2022555888 麻煩你替我看這張 終身受險的解約金大概有多少 跟總實力保費差多少,您好 我林淑芬 身分證B201234567 民國五十八年八月十二日生 保單號KGI2022555888 麻煩你替我看這張 終身壽險解約金大概有多少 跟終身保費差多少,您好 我林淑芬 身分證B2012-34567 民國五十八年八月十二日生 保單號KGI2022555888 麻煩你替我看這張 終生受險的解約金大概有多少 跟總實力保費差多少,您好我林淑芬，身分證B201234567，民國五十八年八月十二日生，保單號KGI20225555888，麻煩你替我看這張終身壽險解約金大概有多少，跟終身保費差多少
q025,mandarin,C1,您好我陳大天，最近搬家了，麻煩把我那張凱基享安心的聯絡地址改成台北市信義區忠孝東路五段一二三號，謝謝。,13.57,您好 我陳大天 最近搬家了 麻煩把我那張 凱基想安心的聯絡地址 改成台北市信義區 忠孝東路5段123號 謝謝,您好 我陳大天 最近搬家了 麻煩把我那張 凱基想安心的聯絡地址 改成台北市信義區 忠孝東路五段一二三號 謝謝,您好，我陳大天 最近搬家了 麻煩把我那張凱基想安心的連絡 地址改成台北市信義區 忠孝東路五段一二三號 謝謝,您好，我陳大天，最近搬家了 麻煩把我那張 凱基想安心的聯絡地址 改成台北市信義區 忠孝東路五段一二三號，謝謝
q026,mandarin,C1,您好我許文傑，請幫我把終身壽險的通訊地址更新為新北市板橋區文化路二段五十號八樓，舊地址已經不住了。,11.7,您好 我許文傑 請幫我把鐘聲壽險的通訊地址 更新為新北市板橋區文化路 二段五十號八樓 就地址已經不住了,您好 我許文傑 請幫我把終身壽險的通訊地址 更新為新北市板橋區文化路 二段五十號八樓 就地址已經不住了,您好，我許文傑 請幫我把鐘聲壽險的通訊地址 更新為新北市板橋區文化路 二段五十號八樓 就地址已經不住了,您好，我許文傑 請幫我把終身壽險的通訊地址 更新為新北市板橋區文化路 二段五十號八樓 就地址已經不住了
q027,mandarin,C1,妳好我是蔡雅婷，麻煩幫我把投資型保單的聯絡地址改到台中市西區英才路二百號，順便幫我看一下這個月的對帳單會寄到新地址嗎。,14.81,你好 我是蔡雅婷 麻煩幫我把投資型保單的 連絡地址改到 台中市西區英才路200號 順便幫我看一下這個月的對帳單 會寄到新地址嗎,你好 我是蔡雅婷 麻煩幫我把投資型保單的 連絡地址改到 台中市西區英才路200號 順便幫我看一下這個月的對帳單 會寄到新地址嗎,你好 我是蔡雅婷 麻煩幫我把投資型保單的 連絡地址改到 台中市西區英才路200號 順便幫我看一下這個月的對帳單 會寄到新地址嗎,你好，我是蔡雅婷 麻煩幫我把投資型保單的 連絡地址改到 台中市西區英才路200號 順便幫我看一下這個月的對帳單 會寄到新地址嗎
q028,hokkien,C1,你好我林淑芬，最近搬厝，麻煩幫我把醫療附約的通訊地址改做高雄市三民區建工路五百號，從下個月開始用新地址。,14.44,你好 我林淑芬 最近搬家 麻煩幫我把醫療附約的 同姓地址改成 高雄市三民區建公路五百號 從下個月開始用新地址,你好 我林淑芬 最近搬家 麻煩幫我把醫療附約的同姓地址 改成高雄市三民區建公路五百號 從下個月開始用新地址,你好 我林淑芬 最近搬家 麻煩幫我把醫療附約的同姓地址 改成高雄市三民區建公路五百號 從下個月開始用新地址,你好，我是林淑芬 最近搬家 麻煩幫我把醫療附約的同姓地址 改成高雄市三民區建公路五百號 從下個月開始用新地址
q029,hokkien,C1,你好我吳怡君，幫我把這張長照險的通訊地址改成桃園市中壢區中央西路三段三百號，這是我女兒家的地址。,12.27,你好 我吳義真 配我將這張昨天造船的通信 地址改為桃園市中壢區中央西路 三段三百號 這是我女兒家的地址,你好 我吳義真 幫我把這張昨天走散的通訊地址 改成桃園市中壢區中央西路 三段三百號 這是我女兒家的地址,你好 我吳義真 配我將這張昨天造船的通信地址 改成桃園市中壢區中央西路 三段三百號 這是我女兒家的地址,你好 我吳義真 幫我把這張昨天跑訊息的通訊地址 改成桃園市中壢區中央西路三段三百號 這是我女兒家的地址
q030,codeswitch,C1,您好我王小明，住址改成台南市東區大學路一號，麻煩把我這張凱基心康泰的通訊地址換成這個新的，繳費通知也要寄這邊。,14.14,你好 我王小明 書址改成台南市 東區大學路一號 麻煩將我這張 太極神空台的通信地址 換成一個新的 繳費通知也要在這邊,你好 我王小明 書址改成台南市東區大學路一號 麻煩把我這張 凱基人壽、心康泰的同姓地址 換成一個新的 繳費通知也要在這邊,你好 我王小明 書址改成台南市東區大學路一號 麻煩把我這張 太極神空台的通信地址 換成一個新的 繳費通知也要在這邊,你好 我王小明 書址改成台南市東區大學路一號 麻煩把我這張 凱基人壽、心康泰的同姓地址 換成一個新的 繳費通知也要在這邊
q031,codeswitch,C1,妳好我黃美玲，新地址是新竹市東區光復路二段一五零號，請幫我把這張防癌險的聯絡地址更新一下，舊的已經沒在用。,13.38,你好 我黃美玲 新地址是新竹市東區光復路 二段150號 請幫我把這張 被挨打的連絡地址更新 舊的已經沒在用了,你好 我黃美玲 新地址是新竹市東區光復路 二段150號 請幫我把這張被癌打的連絡地址 改新一點 舊的已經沒在用了,你好 我黃美玲 新地址是新竹市東區光復路 二段150號 請幫我把這張被挨打的連絡地址 改新一點 舊的已經沒在用了,你好我黃美玲 新地址是新竹市東區光復路二段150號 請幫我把這張被癌打的連絡地址更新 舊的已經沒在用了
q032,codeswitch,C1,您好我周建華，地址改成基隆市中正區中正路一百號，拜託幫我把終身壽險的住址換成這個新的地址，下次保單通知都寄這邊。,14.61,你好 我周建華 地址改成基隆市中正區 中正路100號 拜託幫我把終身受險的地址 換成一個新的地址 下次保單通知都在這邊,你好 我周建華 地址改成基隆市中正區 中正路100號 拜託幫我把終身壽險的地址 換成一個新的地址 下次保單通知都在這邊,你好 我周建華 地址改成基隆市中正區 中正路一百號 拜託幫我把重生受險的地址 換成一個新的地址 下次保單通知都在這邊,你好 我周建華 地址改成基隆市中正區中正路一百號 拜託幫我把終身壽險的地址 換成一個新的地址 下次保單通知都在這邊
q033,mandarin,C2,您好我張志強，請幫我把那張凱基新康泰的聯絡電話改成0912-345-678，原本的舊號碼已經停用了。,12.0,您好我張志強 請幫我把那張凱基辛康泰的 聯絡電話改成0912345678 原本的舊號碼已經停用了,您好我張志強 請幫我把那張凱基 心康泰的聯絡電話改成 0912345678 原本的舊號碼已經停用了,您好我張志強 請幫我把那張凱基辛康泰的 聯絡電話改成0912345678 原本的舊號碼已經停用了,您好我張志強 請幫我把那張凱基新康泰的聯絡電話 改成0912345678 原本的舊號碼已經停用了
q034,mandarin,C2,妳好我邱雅芳，麻煩把我那張投資型保單的手機號碼更新為0928-123-456，以後對帳單通知都打這支。,11.93,你好 我邱雅芳 麻煩把我那張投資型保單的 手機號碼更新為 0928123456 以後對帳單通知都打這支,你好 我邱雅芳 麻煩把我那張 投資型保單的手機號碼更新為 0928123456 以後對帳單通知都打這支,你好 我邱雅芳 麻煩把我那張投資型保單的 手機號碼更新為0928123456 以後對帳單通知都打這支,你好 我邱雅芳 麻煩把我那張投資型保單的手機號碼 更新為0928123456 以後對帳單通知都打這支
q035,hokkien,C2,你好我李建宏，幫我把這張醫療險的聯絡電話換成0933-987-654，要扣款通知打這支就可以。,10.68,你好 我李正宏 幫我把這張醫療險的聯絡電話 換成0933987654 要扣款通知 打這支就可以,你好 我李正宏 幫我把這張醫療險的連絡電話 換成0933 987654 要扣款通知 打這支就可以,你好 我李正宏 幫我把這張醫療險的聯絡電話 換成0933 987654 要扣款通知 打這支就可以,你好 我李正宏 幫我把這張醫療險的連絡電話 換成0933987654 要扣款通知打這支就可以
q036,hokkien,C2,你好我廖淑娟，麻煩把我這張凱基享安心的電話改做0922-111-333，這是我新辦的門號。,11.34,你好 我廖淑娟 麻煩將我這張 太極響安心的電話 改成092211333 這是我新辦的門號,你好 我廖淑娟 麻煩將我這張太極響安心的電話 改成092211333 這是我新辦的門號,你好 我廖淑娟 麻煩將我這張太極響安心的電話 改成092211333 這是我新辦的門號,你好，我是廖淑娟 麻煩把我這張太極響安心的電話 改成092211333 這是我新辦的門號
q037,codeswitch,C2,您好我蘇建文，新電話是0987-654-321，拜託幫我把這張長照險的聯絡電話更新一下，以後客服打這支找我。,13.68,您好 我蘇建文 新電話是0987654321 拜託幫我把這張 葬交險的聯絡電話更新 以後客戶打一支找我,您好 我蘇建文 新電話是0987654321 拜託幫我把這張照相的連絡電話 更新一下 以後客戶打一支找我,您好 我蘇建文 新電話是0987654321 拜託幫我把這張照相的連絡電話更新 以後客戶打一支找我,您好，我蘇建文 新電話是0987654321 拜託幫我把這張照相的連絡電話更新 以後客戶打一支找我
q038,codeswitch,C2,妳好我何美華，市話改成02-2345-6789，麻煩幫我把這張終身壽險的家裡電話換成這個，平常我都待在家。,13.92,你好 我何美華 是化改陳林223456789 麻煩替我把這張 終身受險的家裡電話換成辭職 平常我都待在家裡,你好 我何美華 是化改陳林223456789 麻煩替我把這張 終身壽險的家裡電話換成辭職的 平常我都待在家裡,你好 我何美華 市話改成0223456789 麻煩替我把這張 終身受險的家裡電話換成四十的 平常我都待在家裡,你好 我何美華 市化改陳林223456789 麻煩替我把這張 終身壽險的家裡電話換成辭職的 平常時我都待在家裡
q039,mandarin,B1,您好我陳大天，想了解凱基享安心這個商品的詳細內容，特別是住院的給付怎麼算，加護病房有沒有加成。,12.28,您好 我陳大天 想了解凱基祥安心這個商品的詳細內容 特別是住院的給付怎麼算 加護病房有沒有加乘,您好 我陳大天 想了解 凱基享安心這個商品的詳細內容 特別是住院的給付怎麼算 加護病房有沒有加乘,您好 我陳大天 想了解凱基祥安心這個商品的詳細內容 特別是住院的給付怎麼算 加護病房有沒有加乘,您好，我陳大天 想了解 凱基享安心這個商品的詳細內容 特別是住院的給付怎麼算 加護病房有沒有加乘
q040,mandarin,B1,妳好我吳怡君，請問凱基有沒有適合三十歲女性買的儲蓄險商品，預算大概一年五萬左右。,9.65,你好 我吳怡君 請問凱基有沒有適合 三十歲女性買的儲蓄險商品 預算大概一年五萬左右,你好 我吳怡君 請問凱基有沒有適合 三十歲女性買的儲蓄險商品 預算大概一年五萬左右,你好 我吳怡君 請問凱基有沒有適合 三十歲女性買的儲蓄險商品 預算大概一年五萬左右,你好 我吳怡君 請問凱基有沒有適合三十歲女性 買的儲蓄險商品 預算大概一年五萬左右
q041,mandarin,B1,您好，我是張志強，想諮詢一下投資型保單跟傳統壽險的差別在哪裡，哪一種比較適合預算有限的家庭。,12.37,您好 我是張志強 想諮詢一下投資型保單 跟傳統壽險的差別在哪裡 哪一種比較適合 預算有限的家庭,您好 我是張志強 想諮詢一下投資型保單 跟傳統壽險的差別在哪裡 哪一種比較適合預算有限的家庭,您好，我是張志強 想諮詢一下投資型保單 跟傳統壽險的差別在哪裡 哪一種比較適合 預算有限的家庭,您好，我是張志強 想諮詢一下投資型保單 跟傳統壽險的差別在哪裡 哪一種比較適合預算有限的家庭
q042,mandarin,B1,您好我林淑芬，請問凱基心康泰跟新康泰這兩張住院醫療附約的保障範圍差在哪，舊保戶能不能轉到新版。,11.06,您好 我林淑芬 請問凱基新康泰跟新康泰 這兩張住院醫療赴約的 保障範圍差在哪 就保護能不能轉到新版,您好 我林淑芬 請問凱基、新康泰跟新康泰 這兩張住院醫療附約的保障範圍 差在哪 就保護能不能轉到新版,您好 我林淑芬 請問凱基新康泰跟新康泰 這兩張住院醫療赴約的保障範圍 差在哪 就保護能不能轉到新版,您好，我林淑芬 請問凱基、新康泰跟新康泰 這兩張住院醫療附約的保障範圍差在哪 就保護能不能轉到新版
q043,mandarin,B1,妳好我邱雅芳，幫我看一下我目前的主約還可以加保哪些醫療附約，我比較在意實支實付的部分。,10.35,你好 我邱亞方 幫我看一下我目前的主約 還可以加保哪些醫療副約 我比較在意時之時副的部分,你好 我邱亞芳 幫我看一下我目前的主約 還可以加保哪些醫療附約 我比較在意十之十賦的部分,你好 我邱亞方 幫我看一下我目前的主約 還可以加保哪些醫療副約 我比較在意十之十副的部分,你好我邱亞方 幫我看一下我目前的主約 還可以加保哪些醫療附約 我比較在意十之十賦的部分
q044,hokkien,B1,你好我王小明，想要問看看凱基有沒有適合六十歲老人家投保的醫療險，免體檢的那種比較好。,9.99,你好 我王少明 想要問看看花錢 有沒有適合六十歲的老人家 投保的醫療險 免費的那種比較好,你好 我王少明 想要問看看凱基 有沒有適合六十歲的老人家 投保的醫療險 免費的那種比較好,你好 我王少明 想要問看看花錢有適合 六十歲的老人家投保的醫療險嗎 免費的那種比較好,你好，我是王少明 想問看看凱基人壽 有沒有適合六十歲的老人家 投保的醫療險 不用退檢的那種比較好
q045,hokkien,B1,你好我蔡雅婷，幫我了解一下凱基增優利這張年金商品的內容，每年保費大概要多少，幾歲開始可以領年金。,11.82,你好 我蔡雅婷 我了解一個花錢 種油漬這張年金的最快內容 每年報廢大概要多少 幾歲開始可以領年金,你好 我蔡雅婷 我了解一個花錢 前有利這張年金的詳細內容 每年報費大概要多少 幾歲開始可以領年金,你好 我蔡雅婷 我了解一個花錢 前有利這張年金的詳細內容 每年報費大概要多少 幾歲開始可以領年金,你好，我蔡雅婷 我了解一個花錢 靜悠哩這張年金的詳細內容 每年報費大概要多少 幾歲開始可以領年金
q046,hokkien,B1,你好我黃美玲，想要問看看防癌險的等待期是多久，剛投保第一個月就確診癌症會不會理賠。,10.77,你好 我黃美玲 想要問問看 紅癌腺的等待期待是多久 剛投保第一個月就確診 癌症會不會累垮,你好 我黃美玲 想要問問看 被癌症洗腎的等待期待是多久 剛投保第一個月就確定 癌症會不會理賠,你好 我黃美玲 想要問問看 紅癌腺的等待期待是多久 剛投保第一個月就確診 癌症會不會累垮,你好，我是洪美玲 想要問問看 被癌症洗腎的等待期是多久 剛投保第一個月就確定癌症是否會累積
q047,hokkien,B1,你好我許文傑，請問你們有沒有針對小朋友的醫療保險，剛出生一個月可以投保嗎，保費大概多少。,10.3,你好 我是文傑 請問你們有針對 瘋朋友的醫療保險嗎 剛出生一個月可以投保嗎 報廢大概多少,你好 我是文傑 請問你們有針對 瘋朋友的醫療保險嗎 剛出生一個月可以投保嗎 報廢大概多少,你好 我是文傑 請問你們有針對小朋友的 醫療保險嗎 剛出生一個月可以投保嗎 報廢大概多少,你好，我是文傑 請問你們有沒有針對小朋友的醫療保險 剛出生一個月可以投保嗎 報廢大概多少
q048,hokkien,B1,你好我是周建華，想要諮詢看看長照險可以保障到幾歲，認定失能之後是按月給付還是一次給付。,11.2,你好 我是周建華 想要諮詢看看 昨天教仙可以保障到幾歲 認定失靈之後 是按月給付還是一次給付,你好 我是周建華 想要諮詢看看 昨天照XEN可以保障到幾歲 認定失能之後 是按月給付還是一次給付,你好 我是周建華 想要諮詢看看 昨天照XEN可以保障到幾歲 認定失靈之後是按月給付 還是一次給付,你好，我是周建華 想要諮詢看看昨天照XEN可以保將到幾歲 認定失能之後是照月給付 還是一次給付
q049,codeswitch,B1,您好我楊雅雯，我想了解凱基享放心這張長照保單的給付條件，巴氏量表幾分以下才符合。,10.39,您好 我楊雅雯 我想了解花錢最放心這張帳 按照保單的符合條件 也是兩表幾份以下才符合,您好我楊雅雯 我想要了解 凱基雙放心這張帳 照保單的符合條件 巴氏量表幾份以下才符合,您好我楊雅雯 我想要了解花錢最放心這張帳 照保單的符合條件 也是兩表幾分以下才符合,您好我楊雅雯 我想要了解 凱基雙放心這張帳 照保單的符合條件 巴氏量表幾份以下才符合
q050,codeswitch,B1,妳好我賴志偉，請問凱基的活利鑫動投資型壽險有沒有月配息的選擇，最低投保金額是多少。,10.86,你好 我賴志偉 請問 殺價的合利生動投資型受險 有沒有外配色的選擇 最低投保金額是多少,你好 我賴志偉 請問 胎記的合利行動投資型壽險 有沒有外配色的選擇 最低投保金額是多少,你好 我賴志偉 請問 貸款的合利行動投資型受險 有沒有外配色的選擇 最低投保金額是多少,你好 我賴志偉 請問 貸款的合利行動投資型壽險 有沒有外配色的選擇 最低投保金額是多少
q051,codeswitch,B1,您好我何美華，我想要問看看凱基心康泰的住院給付標準是按一日計算還是按實支實付，自費病房有差嗎。,10.94,您好 我何美華 我想要問看看 開支新康泰的住院服務 標準是按一日之選 還是按時支付 自費病房有差嗎,您好我何美華 我想要問問看 凱基新康泰的住院服務 標準是按一日之選 還是按時支付 自費病房有差嗎,您好我何美華 我想要問看看 開支新康泰的住院服務 標準是按一日之選 還是按時支付 自費病房有差嗎,您好我何美華 我想要問問看 凱基新康泰的住院服務 標準是按一日之選 還是按時支付 自費病房有差嗎
q052,codeswitch,B1,妳好我廖淑娟，想要諮詢一下凱基有沒有針對糖尿病人投保的醫療險，已經吃藥控制三年的算可保體嗎。,12.3,你好 我廖淑娟 想要諮詢一個 胎記有沒有針對糖尿病的人 來投保的醫療險 已經吃藥控制三年的 算有辦法補體嗎,你好 我廖淑娟 想要諮詢一個 凱吉有沒有針對糖尿病的人 來投保的醫療險 已經吃藥控制三年的 算有辦法保體嗎,你好 我廖淑娟 想要諮詢一個 開基江湖針對糖尿病的人 來投保的醫療險 已經吃藥控制三年的 算江湖法毒體體,你好 我廖淑娟 想要諮詢一個 凱吉有沒有針對糖尿病的人 來投保的醫療險 已經吃藥控制三年的 算有辦法保體嗎
q053,codeswitch,B1,您好我曾國偉，請問你們的重大疾病險有沒有包含癌症的初次診斷給付，原位癌也算嗎。,9.44,您好 我曾國偉 請問你們的重大機定仙 有沒有包含癌症的 第一次診斷護符 遠從雅馬桑,您好 我曾國偉 請問你們的重大疾病 先有包含癌症的第一次診斷護符嗎 原位也算嗎,您好 我曾國偉 請問你們的重大機定仙 有沒有包含癌症的 第一次診斷護婦 遠位也算嗎,您好，我曾國偉 請問你們的重大疾病 先有包含癌症的第一次診斷護符嗎 原位也算嗎
q054,mandarin,B2,您好我陳大天，保單號碼KGI-2024-001234，請幫我看一下這張凱基享安心目前的保額是多少，繳費年期還剩幾年。,14.6,您好 我陳大天 保單號碼 KGI2024001234 請幫我看一下這張凱基祥安心 目前的保額是多少 繳費年期還剩幾年,您好 我陳大天 保單號碼 KGI2024001234 請幫我看一下這張凱基想安心 目前的保額是多少 繳費年期還剩幾年,您好 我陳大天 保單號碼 KGI2024001234 請幫我看一下這張凱基祥安心 目前的保額是多少 繳費年期還剩幾年,您好，我陳大天 保單號碼KGI2024001234 請幫我看一下這張凱基想安心 目前的保額是多少 繳費年期還剩幾年
q055,mandarin,B2,妳好我林淑芬，保單號K-2018-0042，麻煩確認一下這張新康泰附約的繳費期還剩幾年，到期之後保障會怎麼變動。,13.02,你好 我林淑芬 保單號K2018042 麻煩確認一下 這張新康泰赴約的繳費期 還剩幾年 到期之後保帳會怎麼變動,你好 我林淑芬 保單號K20180042 麻煩確認一下 這張新康泰赴約的繳費期 還剩幾年 到期之後保障會怎麼變動,你好 我林淑芬 保單號K20180042 麻煩確認一下 這張新康泰赴約的繳費期 還剩幾年 到期之後保帳會怎麼變動,你好 我林淑芬 保單號K20180042 麻煩確認一下 這張新康泰赴約的繳費期還剩幾年 到期之後保障會怎麼變動
q056,hokkien,B2,你好我張志強，保單號KL-2020-987654，幫我確認這張投資型壽險現在的帳戶價值剩多少，跟總繳保費比起來是賺還是虧。,14.1,你好 我張記強 保單號2020987654 替我確定一下這張投資型壽券 現在的口號價值剩多少 總是繳保費比起來是賺還是賠,你好 我張記強 保單號2020987654 幫我確定一下這張投資型壽險 現在的口號價值剩多少 總是繳保費比起來是賺還是賠,你好 我張記強 保單號2020987654 替我確定一下這張投資型壽券 現在的口號價值剩多少 總是繳保費比起來是賺還是賠,你好 我張記強 保單號2020987654 替我確定一下這張投資型壽險 現在的口號價值剩多少 總是繳保費比起來是賺還是賠
q057,hokkien,B2,你好我吳怡君，保單號KGI20230011，想要查我這張凱基增優利的年金開始日是哪一天，每年領的金額是固定還是會調整。,14.36,你好 我5一津 保單號20230011 想要查我這張 開之前有利的年金開始 日是哪一天 每年領的金額是固定 還是會調整,你好 我伍怡真 保單號20230011 想要查我這張 凱基人有利的年金開始日是哪一天 每年領的金額是固定還是會調整,你好 我伍怡津 保單號20230011 想要查我這張 開指證有利的年金開始日是哪一天 每年領的金額是固定還是會調整,你好 我5一津 保單號20230011 想要查我這張凱基人有利的年金開始日是哪一天 每年領的金額是固定還是會調整
q058,hokkien,B2,你好我許文傑，保單號K2019005678，麻煩幫我查一下這張長照險最近半年的繳費紀錄，有沒有哪個月漏扣。,12.39,你好 我是文傑 保單號K2019005678 麻煩你替我查一下這張帳 照顯最近半年的繳費紀錄 有哪一個月的繳扣,你好 我是文傑 保單號K2019005678 麻煩你替我查一下這張帳 照顯最近半年的繳費紀錄 有哪一個月的繳扣,你好 我是文傑 保單號K2019005678 麻煩你替我查一下這張帳 照顯最近半年的繳費紀錄 有哪一個月的繳費,你好，我是文傑 保單號K2019005678 麻煩你替我查一下這張帳 照顯最近半年的繳費紀錄 有哪個月的繳款
q059,codeswitch,B2,您好我蘇建文，保單號KGI-2022-555888，幫我看這張終身壽險的解約金可以拿多少，跟保單借款比哪個比較划算。,13.45,你好 我蘇健文 保單號KGI20 22555888 替我看這張終身受險的解約金 可以拿多少 跟保單借款比哪一個比較划算,您好 我蘇健文 保單號KGI20 22555888 替我看這張終身壽險的解約金 可以拿多少 跟保單借款比哪一個比較划算,您好 我蘇健文 保單號KGI2022555888 替我看這張終身受險的解約金 可以拿多少 跟保單借款比哪一個比較划算,您好，我蘇健文 保單號KGI2022555888 替我看這張終身壽險解約金可以拿多少 跟保單借款比哪一個比較划算
q060,codeswitch,B2,妳好我何美華，保單號KL2021001122，請幫我查這張凱基享安心醫療附約最近三個月的給付明細，金額對不太上。,14.08,你好 我何美華 保單號KL20-2100-1122 請替我查這張 開吉祥安心醫療 赴約最近三個月的護婦名片 金額就不算上,你好 我何美華 保單號KL20-2100-1122 請幫我查這張 凱吉祥安心醫療附約 最近三個月的護婦名片 金額就不算太便宜,你好 我何美華 保單號KL20-2100-1122 請幫我查這張開吉祥安心醫療 赴約最近三個月的護婦名片 金額就不算上,你好我何美華 保單號KL2021001122 請替我查這張 凱吉祥安心醫療附約 最近三個月的護婦名片 金額就不算上
q061,mandarin,D,您好，請問凱基享安心這張商品有沒有包含長期照顧的保障，等待期是多久，幾歲投保比較划算。,11.85,您好 請問凱基祥安心這張商品 有沒有包含長期照顧的稿帳 等待期是多久 幾歲投保比較划算,您好 請問凱基祥安心這張商品 有沒有包含長期照顧的保障 等待期是多久 幾歲投保比較划算,您好 請問凱基祥安心這張商品 有沒有包含長期照顧的稿帳 等待期是多久 幾歲投保比較划算,您好 請問凱基祥安心這張商品 有沒有包含長期照顧的保障 等待期是多久 幾歲投保比較划算
q062,mandarin,D,想請問你們的重大疾病險，癌症的給付是一次性還是按療程分期領，可以同時申請壽險的給付嗎。,10.3,想請問你們的重大疾病險 癌症的給付是一次性 還是按療程分期領 可以同時申請壽險的給付嗎,想請問你們的重大疾病險 癌症的給付是一次性 還是按療程分期領 可以同時申請壽險的給付嗎,想請問你們的重大疾病險 癌症的給付是一次性 還是按療程分期領 可以同時申請壽險的給付嗎,想請問你們的重大疾病險 癌症的給付是一次性 還是按療程分期領 可以同時申請壽險的給付嗎
q063,mandarin,D,請問凱基心康泰住院醫療附約，加護病房的給付金額跟普通病房是不是不一樣，自付差額有上限嗎。,11.93,請問凱基辛康泰住院醫療赴約 加護病房的給付金額 跟普通病房是不是不一樣 自付差額有上限嗎,請問凱基新康泰住院醫療附約 加護病房的給付金額 跟普通病房是不是不一樣 自付差額有上限嗎,請問凱基辛康泰住院醫療赴約 加護病房的給付金額 跟普通病房是不是不一樣 自付差額有上限嗎,請問凱基新康泰住院醫療附約 加護病房的給付金額 跟普通病房是不是不一樣 自付差額有上限嗎
q064,mandarin,D,你們的投資型保單最低保費門檻是多少，可以選擇月繳半年繳還是只能年繳，前置費用怎麼計算。,9.97,你們的投資型保單 最低保費門檻是多少 可以選擇月繳半年繳 還是只能年繳 前置費用怎麼計算,你們的投資型保單 最低保費門檻是多少 可以選擇月繳半年繳 還是只能年繳 前置費用怎麼計算,你們的投資型保單 最低保費門檻是多少 可以選擇月繳半年繳 還是只能年繳 前置費用怎麼計算,你們的投資型保單 最低保費門檻是多少 可以選擇月繳半年繳 還是只能年繳 前置費用怎麼計算
q065,mandarin,D,請問凱基增優利這張年金保險，年金開始給付之後還可以變更受益人嗎，要走什麼流程。,10.22,請問凱基曾有禮這張年金保險 年金開始給付之後 還可以變更受益人嗎 要走什麼流程,請問凱基曾有禮這張年金保險 年金開始給付之後 還可以變更受益人嗎 要走什麼流程,請問凱基曾有禮這張年金保險 年金開始給付之後 還可以變更受益人嗎 要走什麼流程,請問凱基曾有禮這張年金保險 年金開始給付之後 還可以變更受益人嗎 要走什麼流程
q066,mandarin,D,想了解你們的長照險，認定失能的標準是用巴氏量表還是有其他標準，幾分以下才符合申請條件。,10.58,想了解你們的腸躁血 認定失能的標準是用84量表 還是有其他標準 幾分以下才符合申請條件,想了解你們的長照險 認定失能的標準是用巴氏量表 還是有其他標準 幾分以下才符合申請條件,想了解你們的長照顯 認定失能的標準是用84兩表 還是有其他標準 幾分以下才符合申請條件,想了解你們的長照顯，認定失能的標準 是用巴氏量表還是有其他標準，幾分以下才符合申請條件
q067,mandarin,D,請問凱基新康泰的住院醫療附約，門診手術算在保障範圍內嗎，比方說大腸鏡息肉切除這種。,11.47,請問凱基辛慷慨地 住院醫療赴約 門診手術算在保障範圍內嗎 比方說大腸 近膝肉 切除這種,請問凱基心康泰的住院醫療附約 門診手術算在保障範圍內嗎 比方說大腸、近息肉 皆除這種,請問凱基辛慷慨地住院醫療赴約 門診手術算在保障範圍內嗎 比方說大腸 近膝肉 切除這種,請問凱基心康泰的住院醫療附約 門診手術算在保障範圍內嗎 比方說大腸、近息肉皆屬這種
q068,mandarin,D,你們的醫療險如果繳了五年想要解約，可以拿回部分保費嗎，會不會影響原本主約的效力。,9.27,你們的醫療險 如果繳了五年想要解約 可以拿回部分保費嗎 會不會影響原本主約的效力,你們的醫療險 如果繳了五年想要解約 可以拿回部分保費嗎 會不會影響原本主約的效力,你們的醫療險 如果繳了五年想要解約 可以拿回部分保費嗎 會不會影響原本主約的效力,你們的醫療險 如果繳了五年想要解約 可以拿回部分保費嗎 會不會影響原本主約的效力
q069,mandarin,D,請問凱基有沒有針對退休族設計的儲蓄型保單，年金可以分期領取的那種，預定利率現在是多少。,11.53,請問凱基有沒有 針對退休族設計的儲蓄型保單 年金可以分期領取的那種 預定利率現在是多少,請問凱基有沒有 針對退休族設計的儲蓄型保單 年金可以分期領取的那種 預定利率現在是多少,請問凱基有沒有針對退休族 設計的儲蓄型保單 年金可以分期領取的那種 預定利率現在是多少,請問凱基有沒有針對退休族 設計的儲蓄型保單 年金可以分期領取的那種 預定利率現在是多少
q070,mandarin,D,想請問你們的傷害險，如果在國外發生意外，理賠程序需要哪些文件，醫療收據國外開的英文版可以嗎。,10.92,想請問你們的傷害險 如果在國外發生意外 理賠程序需要哪些文件 醫療收據國外開的英文版 可以嗎,想請問你們的傷害險 如果在國外發生意外 理賠程序需要哪些文件 醫療收據國外開的英文版可以嗎,想請問你們的傷害險 如果在國外發生意外 理賠程序需要哪些文件 醫療收據國外開的英文版可以嗎,想請問你們的傷害險 如果在國外發生意外 理賠程序需要哪些文件 醫療收據國外開的英文版可以嗎
q071,hokkien,D,請問凱基享放心這張長照保險，要怎樣才符合認定失能的標準，神經科醫師開的診斷書可以嗎。,10.2,請問凱己向放心這張藏教保險 要怎樣才符合認定適應的標準 神經科醫師開的診斷書可以嗎,請問凱己向放心這張藏照保險 要如何才符合認定適應的標準 新康醫師開的診斷書可不可行,請問凱己向放生這張藏教保險 要怎樣才符合認定適應的標準 神經科醫師開的診斷書可以嗎,請問凱基雙放心這張照保險 要如何才符合認定適合的標準 新康醫師開的診斷書可不可行
q072,hokkien,D,你們的防癌險有沒有包含化療跟放射線治療的給付，等待期要多久，等待期內確診算不算。,10.63,你們的防癌險 有沒有包含化療 跟放射線治療的候補 等待期待要多久 等待期內確實不算,你們的防癌險 有沒有包含化療和放射線治療的候補 等待期待要多久 等待期內確實不算,你們的防癌險 有沒有包含化療和放射線治療的候補 等待期待要多久 等待期內確實不算,你們的防癌有包含化療和放射線治療的服務嗎 等待期待要多久 等待期內確實不算
q073,hokkien,D,想要了解凱基心康泰的住院日額是多少，住院前後的門診治療有沒有保障，回診拿藥的費用算嗎。,10.67,想了解開基新康泰的住院日 還是多少 住院前後的門診治療有保障嗎 回診拿藥的費用算嗎,想了解凱基新康泰的住院日 或是住院前後的門診治療 有保障嗎 回診拿藥的費用算嗎,想了解開支新康泰的住院日 還是多少 住院前後的門診治療有保障嗎 回診拿藥的費用算嗎,想要了解凱基新康泰的住院日是多少 住院前後的門診治療有保障嗎 回診拿藥的費用算得了嗎
q074,hokkien,D,請問你們的終身壽險可以用保單借款嗎，借款的利率怎麼計算，會不會影響保單效力。,9.88,請問你們的終身壽險 可不可以用保單借款 借款的利率要怎麼計算 會不會影響到保單效率,請問你們的終身壽險 可不可以用保單借款 借款的利率要怎麼計算 會不會影響到保單效率,請問你們的終身壽險 可不可以用保單借款 借款的利率要怎麼計算 會不會影響到保單效率,請問你們的終身壽險 可不可以用保單借款 借款的利率要怎麼計算 會不會影響保單效率
q075,hokkien,D,凱基增優利這張年金保險，如果中途想要解約大概可以拿回多少，跟總繳保費差很多嗎。,9.82,花錢前有利這張年金保險 若是中途想要解約 大概可以拿多少 跟總是繳保費差很多,凱基人壽這張保險年金 如果中途想解約 大概可以拿多少 跟總司繳保費差很多,花錢前有利這張年金保險 若是中途想解約 大概可以拿多少 跟總是繳保費差很多啊,凱基人壽有利這張保險年金 若是中途想解約 大概可以拿多少 跟總司繳保費差很多
q076,hokkien,D,你們的投資型保單帳戶可以投資哪些基金，可以自己選擇配置嗎，每年可以轉換幾次免費。,11.03,你們的投資承包單帳戶 可以投資哪些基金 可不可以自己選擇配置 每年可以轉換幾次免費,你們的投資型保單帳戶 可以投資哪些基金 能自己選擇配置嗎 每年可以轉換幾次免費,你們的投資承包單帳戶 可以投資哪些基金 能自己選擇配置嗎 每年可以轉換幾次免費,你們的投資型保單帳戶 可以投資哪些基金 能自己選擇配置嗎 每年可以轉換幾次免費
q077,hokkien,D,請問凱基新康泰住院醫療附約有沒有理賠手術自費的耗材費用，比方說人工關節這種比較貴的。,9.56,請問開捷新康泰住院醫療附約 有沒有你的陪手術自費的耗材費 比放工人工關節之款貴些,請問凱基神康泰住院醫療附約 有沒有理賠手術自費的耗材費用 比奉公認公關節之款貴一點,請問開捷新康泰住院醫療附約 有沒有你的陪手術自費的耗材費用 比放工人工關節之款貴一點,請問凱基人壽、心康泰、住院醫療附約 有沒有理賠手術自費的耗材費用 比奉公認公、捐給籍款的貴嗎
q078,hokkien,D,想要請教一下，重大疾病險裡面包含的疾病範圍有幾項，輕度跟重度的給付比例不一樣嗎。,10.24,想要請教一下 重大疾病線裡面 包含的疾病範圍有幾項 程度跟重度的戶戶比例不同,想要請教一下 重大疾病線裡面 包含的疾病範圍有幾項 程度跟重度的戶戶比例不一樣,想要請教一下 重大疾病線裡面包含的 疾病範圍有幾項 程度和重度的戶戶比例不一樣,想要請教一下 重大疾病宣裡面包含的疾病範圍有幾項 程度和重度的戶府比例不一樣
q079,hokkien,D,凱基享安心這張保單，停繳之後多久會失效，可以申請復效嗎，復效要不要重做健康告知。,10.63,開吉祥安心這張保單 停了之後多久會失效 可不可以申請覆校 學校是不是要重做健康個災,凱基祥安心這張保單 停了之後多久會失效 可不可以申請復效 學校是不是要重做健康個災,開吉祥安心這張保單 停了之後多久會失效 可不可以申請復校 學校是不是要重做健康個災,凱基祥安心這張保單 停了之後多久會失效 能不能申請復效 學校是不是要重做健康個災
q080,hokkien,D,請問你們的醫療附約，續保到幾歲，續保的保費會不會調漲，年紀大了還能繼續保嗎。,9.47,請問你們的醫療付約 四包湊幾歲 四包的補費會不會去調去 年紀大了還能繼續補嗎,請問你們的醫療附約 四包湊幾歲 四包的保費會不會去調去 有年紀了還可以繼續保嗎,請問你們的醫療付約四包湊幾貨 四包的補費會不會去調去 有貨了還能繼續補嗎,請問你們的醫療附約四包湊幾歲 四包的保費會不會去調去 有年紀了還可以繼續保嗎
q081,codeswitch,D,您好想請教一下，凱基享安心這張保單的長期照顧給付是按月領還是一次性領完，給付期間最長幾年。,11.07,您好想請教一下 太極想安心 這張保單的長期照顧 戶府是照月令或一次限完 戶期最長幾年,您好想請教一下 凱吉祥安心這張保單的 長期照顧護士是按月或一次限完 附期間最長幾年,您好想請教一下 開基想安心這張保單的 長期照顧戶赴時照月亮 或是一次限量完 赴期間最長幾年,您好想請教一下 凱吉祥安生這張保單的 長期照顧護士是按月或一次限完 附期間最長幾年
q082,codeswitch,D,想請問凱基心康泰跟新康泰這兩張住院醫療附約有什麼差別，要不要從舊版轉到新版比較好。,10.85,想請問 太極心腸 太監神空 太這兩場住院的醫療 府藥有什麼差別 要從舊辦轉去新辦比較好,想請問 泰基、心康、泰家、新康 泰這兩場住院的醫療附約 有什麼差別 要從舊班轉去新班比較好,想請問 太極心腸 太監神空 太這兩場住院的醫療 府約有什麼差別 要從舊辦轉去新辦比較好,想請問，泰基、心康、泰家、新康泰 這兩場住院醫療附約有什麼差別 要從舊班轉到新班比較好
q083,codeswitch,D,請問你們的投資型保單的保費可以從信用卡扣繳嗎，刷哪幾家銀行有手續費優惠。,9.21,請問 你們的投資成保單的補費 能從信用卡扣掉嗎 如同幾家銀行有手續費優惠,請問 你們的投資型保單的保費 能從信用卡扣掉嗎 如同幾家銀行有手術費優惠,請問 你們的投資成保單的保費 能從信用卡扣掉嗎 如同幾家銀行有手續費優惠,請問 你們的投資型保單的保費 可不可以從信用卡扣掉 如同幾家銀行有手續費優惠
q084,codeswitch,D,妳好我想請教，終身壽險的保額可以中途調整嗎，調高的話需要重新做健康告知或體檢嗎。,11.04,你好 我想請教 重生受險的寶藝 可不可以中途調整 調高的話 需要重新做健康個機或是體檢嗎,你好 我想請教 終身壽險的保額可以中途調整嗎 調高的話 需要重新做健康個資或是體檢嗎,你好 我想請教 重生受險的寶藝可不可以中途調整 調高的話 需要重新做健康個機或是體檢嗎,你好，我想請教 終身壽險的保險可不可以中途調整 調高的話 需要重新做健康個資或體檢嗎
q085,codeswitch,D,您好，凱基增優利這張年金保險的預定利率是按哪一年的標準計算，現在投保跟去年投保有差嗎。,10.25,您好 太極招牌這張保險年金預定 日期是哪一年的標準計算 現在投保跟去年投保有差嗎,您好 殘缺前有利這張保險年金預定率 持哪一年標準計算 現在投保和去年投保有差別嗎,您好 太極招牌這張保險年金預定率 是持哪一年的標準計算 現在投保跟去年投保有差嗎,您好 貸錢前有利這張年金保險的預定日 是持哪一年的標準計算 現在投保跟去年投保有差嗎
q086,codeswitch,D,想請問你們的長照險如果認定失能但是後來病情康復了，分期保險金還會繼續發嗎，要重新提供醫師證明嗎。,12.75,想請問 你們的昨天照顯若是認定失靈 不過後來病情好起來 分期保驗金還會繼續發 要重新提供醫師證明嗎,想請問 你們的昨天照樣若是認定失能 不過後來病情好起來 分期保險金還會繼續發 要重新提供醫師證明嗎,想請問 你們的昨天照樣若是認定失靈 不過後來病情好起來 分期保驗金還會繼續發嗎 要重新提供醫師證明,想請問 你們的昨天照樣是認定失靈 不過後來病情好起來 分期保險金還會繼續發 要重新提供醫師證明
q087,codeswitch,D,請問一下凱基有沒有提供保戶的線上服務，可以查保單明細跟對帳單嗎，需要先註冊會員嗎。,11.28,請問一下 開基有提供報戶的線上服務嗎 能不能查保單明細和對帳單 需不需要先註冊會員,請問一下 凱吉有提供保護的上線服務嗎 能查保單明細和對帳單嗎 需要先註冊會員嗎,請問一下 開支有提供報戶的線上服務嗎 能不能查保單名稱和對帳單 需要先註冊會員嗎,請問一下 凱基有提供保護的上線服務嗎 能查保單的名稱和對帳單嗎 需要先註冊會員嗎
q088,codeswitch,D,想請教重大疾病險的保險金跟癌症險的給付可以同時申請嗎，會不會有相互排他的條款。,10.16,想請教 重大期變生的保險金 和癌症相關服務 能不能同時申請 會不會有雙付百餐的條款,想請教 重大疾病 洗腎的保險金和癌症 險惡的護士可以同時申請嗎 會有雙府排攤的條款嗎,想請教，重大期聘生的保險金 和癌症相關服務可同時申請嗎 會有雙付百攤的條款嗎,想請教，重大疾病腺的保險金 和癌症險的護婦能同時申請嗎 會有雙府擺攤的條款嗎
q089,codeswitch,D,請問凱基新康泰住院醫療附約有沒有限制總給付次數或天數，慢性病住院反覆住會不會超過上限。,11.29,請問 胎記性空胎住院醫療 赴約有限制總時赴一次 或是天數嗎 慢性病住院 反期住會不會超過送仙,請問 凱基新康泰住院醫療附約 有限期總是給付一次或天數嗎 萬聖伯住院 反而住會不會超過送善,請問 胎記性空胎住院醫療 赴約有限制總是赴一次或天數嗎 慢性病住院 反期住會不會超過送醫,請問 凱基新康泰住院醫療附約 有限期讓人一次或天數嗎 萬聖伯住院 反而住了會超過送善嗎
q090,codeswitch,D,妳好我朋友推薦凱基享放心，請問這張長照保單跟其他公司比有什麼優勢，保費競爭力怎麼樣。,11.85,你好 我朋友推薦台積最放心 請問這張張叫保單 跟其他公司比有什麼優勢 保費競爭要如何,你好 我朋友推薦台積最放心 請問這張張叫保單 跟其他公司比有什麼優勢 保費競爭要如何,你好 我朋友推薦台積最放心 請問這張張叫保單 和其他公司比有什麼優勢 保費競爭要如何,你好 我朋友推薦台籍最放心 請問這張張交保單 和其他公司比有什麼優勢 保費競爭如何
