model,noise_type,snr_db,case_id,category,repeat,status,audio_duration_s,cer,hyp_text,ref_text,inference_time_ms,rtf,ttfp_ms,ttff_ms,e2e_ms,error_msg
fire-red-asr2,clean,,d0046,lapse_reinstate,1,ok,45.278,16.57,您好我的凱基人壽星康泰住院醫療限額及健康保險赴約之前因為忘記繳費而失效了現在想要辦理覆校請問付校申請需要什麼條件已經失效多久了還可以申請覆校是不是有年限的限制辦理覆校的時候需要重新做健康告知嗎如果這段失效期間有新的疾病或就醫記錄這些情況會影響附校的核準嗎另外付時需要補繳失效期間的所有保費嗎補繳的保費有沒有利息麻煩告知我完整的辦理流程,您好，我的凱基人壽心康泰住院醫療限額給付健康保險附約之前因為忘記繳費而失效了，現在想要辦理復效。請問復效申請需要什麼條件，已經失效多久了還可以申請復效，是不是有年限的限制。辦理復效的時候需要重新做健康告知嗎，如果這段失效期間有新的疾病或就醫紀錄，這些情況會影響復效的核准嗎。另外復效時需要補繳失效期間的所有保費嗎，補繳的保費有沒有利息，麻煩告知我完整的辦理流程。,8953.4,0.198,,,,
fire-red-asr2,codec,15.0,d0046,lapse_reinstate,1,ok,45.278,17.13,您好我的凱基人壽星康泰住院醫療額及負健康保險赴約之前因為忘記繳費而失效了現在想要辦理覆校請問覆校申請需要什麼條件已經失效多久了還可以申請覆校是不是有年限的限制辦理覆校的時候需要重新做健康告知嗎如果這段失效期間有新的疾病或就醫記錄這些情況會影響附校的核準嗎另外付校時需要補繳失效期間的所有保費嗎補繳的保費有沒有利息麻煩告知我完整的辦理流程,您好，我的凱基人壽心康泰住院醫療限額給付健康保險附約之前因為忘記繳費而失效了，現在想要辦理復效。請問復效申請需要什麼條件，已經失效多久了還可以申請復效，是不是有年限的限制。辦理復效的時候需要重新做健康告知嗎，如果這段失效期間有新的疾病或就醫紀錄，這些情況會影響復效的核准嗎。另外復效時需要補繳失效期間的所有保費嗎，補繳的保費有沒有利息，麻煩告知我完整的辦理流程。,8396.8,0.185,,,,
fire-red-asr2,echo,15.0,d0046,lapse_reinstate,1,ok,45.278,22.1,您好我的凱機壽星康泰院醫療額幾部健康保險護約之前因為忘記繳背而失效了現在想要辦理附校請問覆校申請需要什麼條件已經失效多久了還可以申請護是不是有年限的限制辦理復的時候需要重新做健康告知嗎如果這段失效期間有新的疾病或就益記錄這些情況會影響護的核準嗎另外付時需要補繳失效期間的所有寶貝嗎補的寶貝有沒有利息麻煩告知我完整的辦理流程,您好，我的凱基人壽心康泰住院醫療限額給付健康保險附約之前因為忘記繳費而失效了，現在想要辦理復效。請問復效申請需要什麼條件，已經失效多久了還可以申請復效，是不是有年限的限制。辦理復效的時候需要重新做健康告知嗎，如果這段失效期間有新的疾病或就醫紀錄，這些情況會影響復效的核准嗎。另外復效時需要補繳失效期間的所有保費嗎，補繳的保費有沒有利息，麻煩告知我完整的辦理流程。,8120.0,0.179,,,,
fire-red-asr2,babble,15.0,d0046,lapse_reinstate,1,ok,45.278,17.13,您好我的凱基人壽星康泰住院醫療額及健康保險赴約之前因為忘記繳費而失效了現在想要辦理覆校請問覆校申請需要什麼條件已經失效多久了還可以申請覆校是不是有年限的限制辦理覆校的時候需要重新做健康告知嗎如果這段失效期間有新的疾病或就醫記錄這些情況會影響附校的核準嗎另外付校時需要補繳失效期間的所有保費嗎補繳的保費有沒有利息麻煩告知我完整的辦理流程,您好，我的凱基人壽心康泰住院醫療限額給付健康保險附約之前因為忘記繳費而失效了，現在想要辦理復效。請問復效申請需要什麼條件，已經失效多久了還可以申請復效，是不是有年限的限制。辦理復效的時候需要重新做健康告知嗎，如果這段失效期間有新的疾病或就醫紀錄，這些情況會影響復效的核准嗎。另外復效時需要補繳失效期間的所有保費嗎，補繳的保費有沒有利息，麻煩告知我完整的辦理流程。,8427.3,0.186,,,,
fire-red-asr2,clean,,d0029,product_inquiry,1,ok,37.339,14.81,您好我對凱基人壽新風月增變額壽險的月配習機制很有興趣想多瞭解一些細節請問這個商品的月配席是從投資報酬裡提播還是可能會動用到本金如果市場表現不好沒有足夠的投資收益當月還是會配嗎另外我想知道每月配習的金額是固定的還是會根據投資機效每月調整以及我可以自己決定配習金額嗎還是說配習比例是固定的謝謝你的說明,您好，我對凱基人壽新豐利月增變額壽險的月配息機制很有興趣，想多了解一些細節。請問這個商品的月配息是從投資報酬裡提撥，還是可能會動用到本金。如果市場表現不好，沒有足夠的投資收益，當月還是會配息嗎。另外我想知道每月配息的金額是固定的還是會根據投資績效每月調整，以及我可以自己決定配息金額嗎，還是說配息比例是固定的，謝謝妳的說明。,6681.7,0.179,,,,
fire-red-asr2,codec,15.0,d0029,product_inquiry,1,ok,37.339,15.43,您好我對凱基人壽新風月增變額壽險的樂配席機制很有興趣想多瞭解一些細節請問這個商品的月配席是從投資報酬裡提波還是可能會動用到本金如果市場表現不好沒有足夠的投資收益當月還是會配嗎另外我想知道每月配的金額是固定的還是會根據投資機效每月調整以及我可以自己決定配習金額嗎還是說配習比例是固定的謝謝你的說明,您好，我對凱基人壽新豐利月增變額壽險的月配息機制很有興趣，想多了解一些細節。請問這個商品的月配息是從投資報酬裡提撥，還是可能會動用到本金。如果市場表現不好，沒有足夠的投資收益，當月還是會配息嗎。另外我想知道每月配息的金額是固定的還是會根據投資績效每月調整，以及我可以自己決定配息金額嗎，還是說配息比例是固定的，謝謝妳的說明。,6898.4,0.185,,,,
fire-red-asr2,echo,15.0,d0029,product_inquiry,1,ok,37.339,15.43,您好我對凱基人壽新松月增變額壽險的樂配席機制很有興趣想多瞭解一些細節請問這個商品的月配席是從投資報酬裡提播還是可能會動用到本金如果市場表現不好沒有足夠的投資收益當月還是會配嗎另外我想知道每月配習的金額是固定的還是會根據投資機效每月調整以及我可以自己決定配金額嗎還是說配習比例是固定的的謝謝你的說明,您好，我對凱基人壽新豐利月增變額壽險的月配息機制很有興趣，想多了解一些細節。請問這個商品的月配息是從投資報酬裡提撥，還是可能會動用到本金。如果市場表現不好，沒有足夠的投資收益，當月還是會配息嗎。另外我想知道每月配息的金額是固定的還是會根據投資績效每月調整，以及我可以自己決定配息金額嗎，還是說配息比例是固定的，謝謝妳的說明。,6427.6,0.172,,,,
fire-red-asr2,babble,15.0,d0029,product_inquiry,1,ok,37.339,14.81,您好我對凱基人壽新風月增變額壽險的月配襲機制很有興趣想多瞭解一些細節請問這個商品的月配席是從投資報酬裡提播還是可能會動用到本金如果市場表現不好沒有足夠的投資收益當月還是會配嗎另外我想知道每月配習的金額是固定的還是會根據投資機效每月調整以及我可以自己決定配習金額嗎還是說配習比例是固定的謝謝你的說明,您好，我對凱基人壽新豐利月增變額壽險的月配息機制很有興趣，想多了解一些細節。請問這個商品的月配息是從投資報酬裡提撥，還是可能會動用到本金。如果市場表現不好，沒有足夠的投資收益，當月還是會配息嗎。另外我想知道每月配息的金額是固定的還是會根據投資績效每月調整，以及我可以自己決定配息金額嗎，還是說配息比例是固定的，謝謝妳的說明。,6763.8,0.181,,,,
fire-red-asr2,clean,,d0021,policy_change,1,ok,38.641,15.38,您好我想更新凱人壽想安心長期照顧終身保險的自動扣腳賬戶我原本設定的是某家銀行的賬戶但那個賬戶最近要關閉想改成另一家銀行的賬號請問辦理扣腳賬戶變更需要什麼程序要提供新賬戶的存摺銀本嗎還是隻要填申請書就好另外想確認一下這個月的保費繳費日快到了如果現在申請變更能在這個月的繳費日前生效嗎還是說這個月還是會從舊賬戶扣款,您好，我想更新凱基人壽享安心長期照顧終身保險的自動扣繳帳戶。我原本設定的是某家銀行的帳戶，但那個帳戶最近要關閉，想改成另一家銀行的帳號。請問辦理扣繳帳戶變更需要什麼程序，要提供新帳戶的存摺影本嗎，還是只要填申請書就好。另外想確認一下，這個月的保費繳費日快到了，如果現在申請變更，能在這個月的繳費日前生效嗎，還是說這個月還是會從舊帳戶扣款。,7025.7,0.182,,,,
fire-red-asr2,codec,15.0,d0021,policy_change,1,ok,38.641,15.38,您好我想更新凱人壽想安心長期照顧終身保險的自動扣腳賬戶我原本設定的是某家銀行的賬戶但那個賬戶最近要關閉想改成另一家銀行的賬號請問辦理扣腳賬戶變更需要什麼程序要提供新賬戶的存摺銀本嗎還是隻要填申請書就好另外想確認一下這個月的保費繳費日快到了如果現在申請變更能在這個月的繳費日前生效嗎還是說這個月還是會從舊賬戶扣款,您好，我想更新凱基人壽享安心長期照顧終身保險的自動扣繳帳戶。我原本設定的是某家銀行的帳戶，但那個帳戶最近要關閉，想改成另一家銀行的帳號。請問辦理扣繳帳戶變更需要什麼程序，要提供新帳戶的存摺影本嗎，還是只要填申請書就好。另外想確認一下，這個月的保費繳費日快到了，如果現在申請變更，能在這個月的繳費日前生效嗎，還是說這個月還是會從舊帳戶扣款。,7294.7,0.189,,,,
fire-red-asr2,echo,15.0,d0021,policy_change,1,ok,38.641,17.75,您好我想更新凱人壽想安心長期照顧終身保險的自動扣腳賬戶我原本設定的是某家銀行的賬戶但那個賬戶最近要關閉想改成另一家銀行的賬號請問辦理扣腳賬戶變更需要什麼程序要提供新賬戶的存銀本嗎還是隻要填申請書就好另外想確認一下這個月的保費繳費日快到了如果現在申請變更能在正確的繳費日前生效嗎還是說這個月還是會從舊賬戶扣款,您好，我想更新凱基人壽享安心長期照顧終身保險的自動扣繳帳戶。我原本設定的是某家銀行的帳戶，但那個帳戶最近要關閉，想改成另一家銀行的帳號。請問辦理扣繳帳戶變更需要什麼程序，要提供新帳戶的存摺影本嗎，還是只要填申請書就好。另外想確認一下，這個月的保費繳費日快到了，如果現在申請變更，能在這個月的繳費日前生效嗎，還是說這個月還是會從舊帳戶扣款。,8114.0,0.21,,,,
fire-red-asr2,babble,15.0,d0021,policy_change,1,ok,38.641,15.38,您好我想更新凱人壽想安心長期照顧終身保險的自動扣腳賬戶我原本設定的是某家銀行的賬戶但那個賬戶最近要關閉想改成另一家銀行的賬號請問辦理扣腳賬戶變更需要什麼程序要提供新賬戶的存摺銀本嗎還是隻要填申請書就好另外想確認一下這個月的保費繳費日快到了如果現在申請變更能在這個月的繳費日前生效嗎還是說這個月還是會從舊賬戶扣款,您好，我想更新凱基人壽享安心長期照顧終身保險的自動扣繳帳戶。我原本設定的是某家銀行的帳戶，但那個帳戶最近要關閉，想改成另一家銀行的帳號。請問辦理扣繳帳戶變更需要什麼程序，要提供新帳戶的存摺影本嗎，還是只要填申請書就好。另外想確認一下，這個月的保費繳費日快到了，如果現在申請變更，能在這個月的繳費日前生效嗎，還是說這個月還是會從舊帳戶扣款。,7717.5,0.2,,,,
fire-red-asr2,clean,,d0023,policy_change,1,ok,42.15,12.99,您好我想詢問凱基人壽興安心照戶中身保險辦理減額繳清的相關事宜我最近經濟狀況比較吃緊沒辦法繼續繳每年的保費但又不想就這樣把保單解約想了解額角輕是不是一個比較好的選擇請問辦理減額角清之後我的保障內容會有什麼變化保額會降低多少保障期間還是一樣嗎另外申請減額角輕需要符合什麼條件這張保單目前的保單現金價值是否足夠辦理麻煩你幫我說明一下,您好，我想詢問凱基人壽心安心照護終身保險辦理減額繳清的相關事宜。我最近經濟狀況比較吃緊，沒辦法繼續繳每年的保費，但又不想就這樣把保單解約，想了解減額繳清是不是一個比較好的選擇。請問辦理減額繳清之後，我的保障內容會有什麼變化，保額會降低多少，保障期間還是一樣嗎。另外申請減額繳清需要符合什麼條件，這張保單目前的保單現金價值是否足夠辦理，麻煩妳幫我說明一下。,8016.5,0.19,,,,
fire-red-asr2,codec,15.0,d0023,policy_change,1,ok,42.15,14.69,您好我想詢問凱基人壽興安心照戶中身保險辦理減額繳清的相關事宜我最近經濟狀況比較致沒辦法繼續繳每年的保費但又不想就這樣把保單解約想了解額角輕是不是一個比較好的選擇請問辦理減額角新之後我的保障內容會有什麼變化保額會降低多少保障期間還是一樣嗎另外申請減額角輕需要符合什麼條件這張保單目前的保單現金價值是否足夠辦理麻煩你幫我說明一下,您好，我想詢問凱基人壽心安心照護終身保險辦理減額繳清的相關事宜。我最近經濟狀況比較吃緊，沒辦法繼續繳每年的保費，但又不想就這樣把保單解約，想了解減額繳清是不是一個比較好的選擇。請問辦理減額繳清之後，我的保障內容會有什麼變化，保額會降低多少，保障期間還是一樣嗎。另外申請減額繳清需要符合什麼條件，這張保單目前的保單現金價值是否足夠辦理，麻煩妳幫我說明一下。,8165.0,0.194,,,,
fire-red-asr2,echo,15.0,d0023,policy_change,1,ok,42.15,14.12,您好我想詢問凱基人壽興安心照戶中身保險辦理減額繳清的相關事宜我最近經濟狀況比較致緊沒辦法繼續繳每年的保費但又不想就這樣把保單減約想了解減額角新是不是一個比較好的選擇請問辦理減額角之後我的保障內容會有什麼變化保額會降低多少保障期間還是一樣嗎另外申請減額角新需要符合什麼條件這張保單目前的保單現金價值是否足夠辦理麻煩你幫我說明一下,您好，我想詢問凱基人壽心安心照護終身保險辦理減額繳清的相關事宜。我最近經濟狀況比較吃緊，沒辦法繼續繳每年的保費，但又不想就這樣把保單解約，想了解減額繳清是不是一個比較好的選擇。請問辦理減額繳清之後，我的保障內容會有什麼變化，保額會降低多少，保障期間還是一樣嗎。另外申請減額繳清需要符合什麼條件，這張保單目前的保單現金價值是否足夠辦理，麻煩妳幫我說明一下。,7536.0,0.179,,,,
fire-red-asr2,babble,15.0,d0023,policy_change,1,ok,42.15,13.56,您好我想詢問凱基人壽興安心照戶中身保險辦理減額繳清的相關事宜我最近經濟狀況比較吃緊沒辦法繼續繳每年的保費但又不想就這樣把保單解約想了解額角輕是不是一個比較好的選擇請問辦理減額角新之後我的保障內容會有什麼變化保額會降低多少保障期間還是一樣嗎另外申請減額角輕需要符合什麼條件這張保單目前的保單現金價值是否足夠辦理麻煩你幫我說明一下,您好，我想詢問凱基人壽心安心照護終身保險辦理減額繳清的相關事宜。我最近經濟狀況比較吃緊，沒辦法繼續繳每年的保費，但又不想就這樣把保單解約，想了解減額繳清是不是一個比較好的選擇。請問辦理減額繳清之後，我的保障內容會有什麼變化，保額會降低多少，保障期間還是一樣嗎。另外申請減額繳清需要符合什麼條件，這張保單目前的保單現金價值是否足夠辦理，麻煩妳幫我說明一下。,7918.3,0.188,,,,
fire-red-asr2,clean,,d0040,account_mgmt,1,ok,39.499,14.38,您我有一張凱機人壽興旺九九外幣變額壽險賬戶裡有一些錢想要提領出來我想詢問如果我要提令是可以直接領美元現金還是隻能轉到外幣賬戶如果我想要折換成臺幣提令匯率是以申請當天的什麼匯率計算是買入匯率還是賣出匯率另外這個保單的提領流程跟臺幣保單一樣嗎有沒有什麼特別要注意的地方麻煩你幫我說明清楚,您好，我有一張凱基人壽鑫旺九九外幣變額壽險，帳戶裡有一些錢想要提領出來。我想詢問如果我要提領，是可以直接領美元現金還是只能轉到外幣帳戶。如果我想要折換成台幣提領，匯率是以申請當天的什麼匯率計算，是買入匯率還是賣出匯率。另外這個保單的提領流程跟台幣保單一樣嗎，有沒有什麼特別要注意的地方，麻煩妳幫我說明清楚。,7289.7,0.185,,,,
fire-red-asr2,codec,15.0,d0040,account_mgmt,1,ok,39.499,13.73,您好我有一張凱機人壽旺九九外幣變額壽險賬戶裡有一些錢想要提領出來我想詢問如果我要提是可以直接領美元現金還是隻能轉到外幣賬戶如果我想要折換成臺幣提令匯率是以申請當天的什麼匯率計算是買入匯率還是賣出匯率另外這個保單的提領流程跟臺幣保單一樣嗎有沒有什麼特別要注意的地方麻煩你幫我說明清楚,您好，我有一張凱基人壽鑫旺九九外幣變額壽險，帳戶裡有一些錢想要提領出來。我想詢問如果我要提領，是可以直接領美元現金還是只能轉到外幣帳戶。如果我想要折換成台幣提領，匯率是以申請當天的什麼匯率計算，是買入匯率還是賣出匯率。另外這個保單的提領流程跟台幣保單一樣嗎，有沒有什麼特別要注意的地方，麻煩妳幫我說明清楚。,7014.2,0.178,,,,
fire-red-asr2,echo,15.0,d0040,account_mgmt,1,ok,39.499,15.03,您好我有一張凱機元壽望九九外幣變額壽險賬戶裡有一些錢想要提領出來我想詢問如果我要提令是可以直接領美元現金還是隻能轉到外幣賬戶如果我想要折換成臺幣提令匯率是以申請當天的什麼匯率計算是買入匯率還是賣出匯率另外這個保單的提領流程跟臺幣保單一樣嗎有沒有什麼特別要注意的地方麻煩你幫我說明清楚,您好，我有一張凱基人壽鑫旺九九外幣變額壽險，帳戶裡有一些錢想要提領出來。我想詢問如果我要提領，是可以直接領美元現金還是只能轉到外幣帳戶。如果我想要折換成台幣提領，匯率是以申請當天的什麼匯率計算，是買入匯率還是賣出匯率。另外這個保單的提領流程跟台幣保單一樣嗎，有沒有什麼特別要注意的地方，麻煩妳幫我說明清楚。,7614.0,0.193,,,,
fire-red-asr2,babble,15.0,d0040,account_mgmt,1,ok,39.499,13.73,您好我有一張凱機人壽旺九九外幣變額壽險賬戶裡有一些錢想要提領出來我想詢問如果我要提令是可以直接領美元現金還是隻能轉到外幣賬戶如果我想要折換成臺幣提令匯率是以申請當天的什麼匯率計算是買入匯率還是賣出匯率另外這個保單的提領流程跟臺幣保單一樣嗎有沒有什麼特別要注意的地方麻煩你幫我說明清楚,您好，我有一張凱基人壽鑫旺九九外幣變額壽險，帳戶裡有一些錢想要提領出來。我想詢問如果我要提領，是可以直接領美元現金還是只能轉到外幣帳戶。如果我想要折換成台幣提領，匯率是以申請當天的什麼匯率計算，是買入匯率還是賣出匯率。另外這個保單的提領流程跟台幣保單一樣嗎，有沒有什麼特別要注意的地方，麻煩妳幫我說明清楚。,7521.8,0.19,,,,
fire-red-asr2,clean,,d0017,policy_inquiry,1,ok,34.188,17.83,您好我有一張凱機受金滿外幣利率變動洗年金保險想了解一些外幣保單的相關問題這張保單的繳費 B別和幾 B別都是美元嗎如果我在繳費時匯率比較差繳費金額換算成臺幣後會比較多這個匯率風險由我自己承擔嗎另外請問這張保單到了年幾時我可以選擇領取美元現金還是折換成臺幣匯率是以哪天的排高匯率來計算謝謝你,您好，我有一張凱基人壽金美滿外幣利率變動型年金保險，想了解一些外幣保單的相關問題。這張保單的繳費幣別和給付幣別都是美元嗎，如果我在繳費時匯率比較差，繳費金額換算成台幣後會比較多，這個匯率風險由我自己承擔嗎。另外請問這張保單到了年金給付時，我可以選擇領取美元現金還是折換成台幣，匯率是以哪天的牌告匯率來計算，謝謝妳。,7883.7,0.231,,,,
fire-red-asr2,codec,15.0,d0017,policy_inquiry,1,ok,34.188,16.56,您好我有一張凱機授金滿外幣利率變動型年金保險想了解一些外幣保單的相關問題這張保單的繳費 B別和幾膚必別都是美元嗎如果我在繳費時匯率比較差繳費金額換算成臺幣後會比較多這個匯率風險由我自己承擔嗎另外請問這張保單到了年幾膚時我可以選擇領取美元現金還是折換成臺幣匯率是以哪天的排告匯率來計算謝謝你,您好，我有一張凱基人壽金美滿外幣利率變動型年金保險，想了解一些外幣保單的相關問題。這張保單的繳費幣別和給付幣別都是美元嗎，如果我在繳費時匯率比較差，繳費金額換算成台幣後會比較多，這個匯率風險由我自己承擔嗎。另外請問這張保單到了年金給付時，我可以選擇領取美元現金還是折換成台幣，匯率是以哪天的牌告匯率來計算，謝謝妳。,6776.2,0.198,,,,
fire-red-asr2,echo,15.0,d0017,policy_inquiry,1,ok,34.188,17.83,您好我有一張凱授金滿外幣利率變動年金保險想了解一些外幣保單的相關問題這張保單的繳費 B別和幾負必別都是美元嗎如果我在繳費時匯率比較差繳費金額換算成臺幣後會比較多這個匯率風險由我自己承擔嗎另外請問這張保單到了年幾伏時我可以選擇領取美元現金還是折換成臺幣匯率是以哪天的排高匯率來計算謝謝你你,您好，我有一張凱基人壽金美滿外幣利率變動型年金保險，想了解一些外幣保單的相關問題。這張保單的繳費幣別和給付幣別都是美元嗎，如果我在繳費時匯率比較差，繳費金額換算成台幣後會比較多，這個匯率風險由我自己承擔嗎。另外請問這張保單到了年金給付時，我可以選擇領取美元現金還是折換成台幣，匯率是以哪天的牌告匯率來計算，謝謝妳。,6872.3,0.201,,,,
fire-red-asr2,babble,15.0,d0017,policy_inquiry,1,ok,34.188,17.83,您好我有一張凱機人受金滿外幣利率變動棉金保險想了解一些外幣保單的相關問題這張保單的繳費 B別和幾膚 B別都是美元嗎如果我在繳費時匯率比較差繳費金額換算成臺幣後會比較多這個匯率風險由我自己承擔嗎另外請問這張保單到了年幾膚時我可以選擇領取每美元現金還是折換成臺幣匯率是以哪天的排告匯率來計算謝謝你,您好，我有一張凱基人壽金美滿外幣利率變動型年金保險，想了解一些外幣保單的相關問題。這張保單的繳費幣別和給付幣別都是美元嗎，如果我在繳費時匯率比較差，繳費金額換算成台幣後會比較多，這個匯率風險由我自己承擔嗎。另外請問這張保單到了年金給付時，我可以選擇領取美元現金還是折換成台幣，匯率是以哪天的牌告匯率來計算，謝謝妳。,6099.0,0.178,,,,
fire-red-asr2,clean,,d0034,payment,1,ok,46.765,14.69,您好我想詢問凱極人壽想順心長期照顧終身健康保險的繳費寬線期相關規定這個月的保費繳費日已經過了但因為賬戶餘額不足沒有成功扣款想問一下現在還在寬期內嗎寬線期是幾天如果在寬線期內繳輕清保費保障不會中斷對嗎那如果超過寬期這張保單就會直接進入失效狀態嗎失效之後如果想要復需要在多少時間內申請以及復需要準備什麼文件麻煩你說明一下流程,您好，我想詢問凱基人壽享順心長期照顧終身健康保險的繳費寬限期相關規定。這個月的保費繳費日已經過了，但因為帳戶餘額不足沒有成功扣款，想問一下現在還在寬限期內嗎，寬限期是幾天。如果在寬限期內繳清保費，保障不會中斷對嗎，那如果超過寬限期，這張保單就會直接進入失效狀態嗎。失效之後如果想要復效，需要在多少時間內申請，以及復效需要準備什麼文件，麻煩妳說明一下流程。,9432.0,0.202,,,,
fire-red-asr2,codec,15.0,d0034,payment,1,ok,46.765,13.56,您好我想詢問凱基壽享順心長期照顧終身健康保險的繳費寬限期相關規定這個月的保費繳費日已經過了但因為賬戶餘額不足沒有成功扣款想問一下現在還在寬期內嗎寬線期是幾天如果在寬線期內繳輕清保費保障不會中斷對嗎那如果超過寬線期這張保單就會直接進入失效狀態嗎失效之後如果想要復需要在多少時間內申請以及復需要準備什麼文件麻煩你說明一下流程,您好，我想詢問凱基人壽享順心長期照顧終身健康保險的繳費寬限期相關規定。這個月的保費繳費日已經過了，但因為帳戶餘額不足沒有成功扣款，想問一下現在還在寬限期內嗎，寬限期是幾天。如果在寬限期內繳清保費，保障不會中斷對嗎，那如果超過寬限期，這張保單就會直接進入失效狀態嗎。失效之後如果想要復效，需要在多少時間內申請，以及復效需要準備什麼文件，麻煩妳說明一下流程。,8962.3,0.192,,,,
fire-red-asr2,echo,15.0,d0034,payment,1,ok,46.765,15.82,您好我想詢問凱極壽享順心長期照顧終身健康保險的繳費寬線期相關規定這個月的寶保費繳費日已經過了但因為賬戶餘額不足沒有成功扣款想問一下現在還在寬期內嗎寬線期是幾天如果在寬線期內繳寶費保障不會中斷對嗎那如果超過寬線期這張保單就會直接進入失效狀態嗎失效之後如果想要復需要在多少時間內申請以及復需要準備什麼文件麻煩你說明一下流程,您好，我想詢問凱基人壽享順心長期照顧終身健康保險的繳費寬限期相關規定。這個月的保費繳費日已經過了，但因為帳戶餘額不足沒有成功扣款，想問一下現在還在寬限期內嗎，寬限期是幾天。如果在寬限期內繳清保費，保障不會中斷對嗎，那如果超過寬限期，這張保單就會直接進入失效狀態嗎。失效之後如果想要復效，需要在多少時間內申請，以及復效需要準備什麼文件，麻煩妳說明一下流程。,8630.5,0.185,,,,
fire-red-asr2,babble,15.0,d0034,payment,1,ok,46.765,15.25,您好我想詢問凱極人壽想順心長期照顧終身健康保險的繳費寬期相關規定這個月的保費繳費日已經過了但因為賬戶餘額不足沒有成功扣款想問一下現在還在寬期內嗎寬線期是幾天如果在寬線期內繳輕保費保障不會中斷對嗎那如果超過寬線期這張保單就會直接進入失效狀態嗎失效之後如果想要復需要在多少時間內申請以及覆校需要準備什麼文件麻煩你說明一下流程,您好，我想詢問凱基人壽享順心長期照顧終身健康保險的繳費寬限期相關規定。這個月的保費繳費日已經過了，但因為帳戶餘額不足沒有成功扣款，想問一下現在還在寬限期內嗎，寬限期是幾天。如果在寬限期內繳清保費，保障不會中斷對嗎，那如果超過寬限期，這張保單就會直接進入失效狀態嗎。失效之後如果想要復效，需要在多少時間內申請，以及復效需要準備什麼文件，麻煩妳說明一下流程。,8749.9,0.187,,,,
fire-red-asr2,clean,,d0011,policy_inquiry,1,ok,37.498,13.58,您好我有一張凱機人部不穩變而壽險想請問一下目前的賬戶價值是多少我記得上次收到的保單週年報告上有顯示數字但我想要確認最新的狀況另外我想了解一下如果現在想要做保單借款可借的金額是依照賬戶價值來計算嗎利率大概是多少我也想請問一下解約金跟賬戶價值的差異是什麼如果現在解約的話大概可以拿回多少錢謝謝你的說明,您好，我有一張凱基人壽步步穩盈變額壽險，想請問一下目前的帳戶價值是多少。我記得上次收到的保單週年報告上有顯示數字，但我想要確認最新的狀況。另外我想了解一下，如果現在想要做保單借款，可借的金額是依照帳戶價值來計算嗎，利率大概是多少。我也想請問一下解約金跟帳戶價值的差異是什麼，如果現在解約的話大概可以拿回多少錢，謝謝妳的說明。,6962.5,0.186,,,,
fire-red-asr2,codec,15.0,d0011,policy_inquiry,1,ok,37.498,12.96,您好我有一張凱人受部不穩變額壽險想請問一下目前的賬戶價值是多少我記得上次收到的保單週年報告上有顯示數字但我想要確認最新的狀況另外我想了解一下如果現在想要做保單借款可借的金額是依照賬戶價值來計算嗎利率大概是多少我也想請問一下解約金跟賬戶價值的差異是什麼如果現在解約的話大概可以拿回多少錢謝謝你的說明,您好，我有一張凱基人壽步步穩盈變額壽險，想請問一下目前的帳戶價值是多少。我記得上次收到的保單週年報告上有顯示數字，但我想要確認最新的狀況。另外我想了解一下，如果現在想要做保單借款，可借的金額是依照帳戶價值來計算嗎，利率大概是多少。我也想請問一下解約金跟帳戶價值的差異是什麼，如果現在解約的話大概可以拿回多少錢，謝謝妳的說明。,6722.5,0.179,,,,
fire-red-asr2,echo,15.0,d0011,policy_inquiry,1,ok,37.498,13.58,您好我有一張凱人不穩銀變額受險想請問一下目前的賬戶價值是多少我記得上次收到的保單週年報告上有顯示數字但我想要確認最新的狀況另外我想了解一下如果現在想要做保單借款可借的金額是依照賬戶價值來計算嗎利率大概是多少我也想請問一下解約金跟賬戶價值的差異是什麼如果現在解約的話大概可以拿回多少錢謝謝你的說明,您好，我有一張凱基人壽步步穩盈變額壽險，想請問一下目前的帳戶價值是多少。我記得上次收到的保單週年報告上有顯示數字，但我想要確認最新的狀況。另外我想了解一下，如果現在想要做保單借款，可借的金額是依照帳戶價值來計算嗎，利率大概是多少。我也想請問一下解約金跟帳戶價值的差異是什麼，如果現在解約的話大概可以拿回多少錢，謝謝妳的說明。,6439.1,0.172,,,,
fire-red-asr2,babble,15.0,d0011,policy_inquiry,1,ok,37.498,12.35,您好我有一張凱基人受部不穩營盈變額壽險想請問一下目前的賬戶價值是多少我記得上次收到的保單週年報告上有顯示數字但我想要確認最新的狀況另外我想了解一下如果現在想要做保單借款可借的金額是依照賬戶價值來計算嗎利率大概是多少我也想請問一下解約金跟賬戶價值的差異是什麼如果現在解約的話大概可以拿回多少錢謝謝你的說明,您好，我有一張凱基人壽步步穩盈變額壽險，想請問一下目前的帳戶價值是多少。我記得上次收到的保單週年報告上有顯示數字，但我想要確認最新的狀況。另外我想了解一下，如果現在想要做保單借款，可借的金額是依照帳戶價值來計算嗎，利率大概是多少。我也想請問一下解約金跟帳戶價值的差異是什麼，如果現在解約的話大概可以拿回多少錢，謝謝妳的說明。,6436.7,0.172,,,,
fire-red-asr2,clean,,d0039,account_mgmt,1,ok,39.496,11.7,您好我有一張凱人壽活力心動變額壽險之前有繳了一些超額保費到賬戶裡現在需要用錢想申請部分提領請問部分提領的申請方式是怎麼樣最快可以在幾個工作天內入賬提領的金額有沒有最低或最高的限制每次提領有手續費嗎還是說每年有幾次免費提領的機會另外我想確認一下提領後賬戶價值如果低於某個金額保險公司會有什麼相對應的處理麻煩說明一下,您好，我有一張凱基人壽活利鑫動變額壽險，之前有繳了一些超額保費到帳戶裡，現在需要用錢，想申請部分提領。請問部分提領的申請方式是怎麼樣，最快可以在幾個工作天內入帳。提領的金額有沒有最低或最高的限制，每次提領有手續費嗎，還是說每年有幾次免費提領的機會。另外我想確認一下，提領後帳戶價值如果低於某個金額，保險公司會有什麼相對應的處理，麻煩說明一下。,6880.8,0.174,,,,
fire-red-asr2,codec,15.0,d0039,account_mgmt,1,ok,39.496,11.7,您好我有一張凱人壽活力心動變額壽險之前有繳了一些超額保費到賬戶裡現在需要用錢想申請部分提領請問部分提領的申請方式是怎麼樣最快可以在幾個工作天內入賬提領的金額有沒有最低或最高的限制每次提領有手續費嗎還是說每年有幾次免費提領的機會另外我想確認一下提領後賬戶價值如果低於某個金額保險公司會有什麼相對應的處理麻煩說明一下,您好，我有一張凱基人壽活利鑫動變額壽險，之前有繳了一些超額保費到帳戶裡，現在需要用錢，想申請部分提領。請問部分提領的申請方式是怎麼樣，最快可以在幾個工作天內入帳。提領的金額有沒有最低或最高的限制，每次提領有手續費嗎，還是說每年有幾次免費提領的機會。另外我想確認一下，提領後帳戶價值如果低於某個金額，保險公司會有什麼相對應的處理，麻煩說明一下。,7149.7,0.181,,,,
fire-red-asr2,echo,15.0,d0039,account_mgmt,1,ok,39.496,11.7,您好我有一張凱人壽活利心動變額壽險之前有繳了一些超額保飛到賬戶裡現在需要用錢想申請部分提領請問部分提領的申請方式是怎麼樣最快可以在幾個工作天內入賬提領的金額有沒有最低或最高的限制每次提領有手續費嗎還是說每年有幾次免費提領的機會另外我想確認一下提領後賬戶價值如果低於某個金額保險公司會有什麼相對應的處理麻煩說明一下,您好，我有一張凱基人壽活利鑫動變額壽險，之前有繳了一些超額保費到帳戶裡，現在需要用錢，想申請部分提領。請問部分提領的申請方式是怎麼樣，最快可以在幾個工作天內入帳。提領的金額有沒有最低或最高的限制，每次提領有手續費嗎，還是說每年有幾次免費提領的機會。另外我想確認一下，提領後帳戶價值如果低於某個金額，保險公司會有什麼相對應的處理，麻煩說明一下。,6977.3,0.177,,,,
fire-red-asr2,babble,15.0,d0039,account_mgmt,1,ok,39.496,11.7,您好我有一張凱人壽活力心動變額壽險之前有繳了一些超額保費到賬戶裡現在需要用錢想申請部分提領請問部分提領的申請方式是怎麼樣最快可以在幾個工作天內入賬提領的金額有沒有最低或最高的限制每次提領有手續費嗎還是說每年有幾次免費提領的機會另外我想確認一下提領後賬戶價值如果低於某個金額保險公司會有什麼相對應的處理麻煩說明一下,您好，我有一張凱基人壽活利鑫動變額壽險，之前有繳了一些超額保費到帳戶裡，現在需要用錢，想申請部分提領。請問部分提領的申請方式是怎麼樣，最快可以在幾個工作天內入帳。提領的金額有沒有最低或最高的限制，每次提領有手續費嗎，還是說每年有幾次免費提領的機會。另外我想確認一下，提領後帳戶價值如果低於某個金額，保險公司會有什麼相對應的處理，麻煩說明一下。,6887.3,0.174,,,,
fire-red-asr2,clean,,d0010,claim,1,ok,42.665,11.52,您好我上個月已經提交了凱極人壽醫卡守護重大傷並定期健康保險的理賠申請想詢問一下目前的理賠進度之前有收到一封補件通知說需要補充主治醫師的診斷書我已經補交了想確認一下是否有收到請問現在審核到哪個階段瞭如果核定通過的話大概什麼時候可以入賬另外我想確認一下入賬的賬戶是當初投保時填的那個賬號還是可以臨時更改到其他賬戶,您好，我上個月已經提交了凱基人壽醫卡守護重大傷病定期健康保險的理賠申請，想詢問一下目前的理賠進度。之前有收到一封補件通知，說需要補充主治醫師的診斷書，我已經補交了，想確認一下是否有收到。請問現在審核到哪個階段了，如果核定通過的話大概什麼時候可以入帳。另外我想確認一下入帳的帳戶是當初投保時填的那個帳號，還是可以臨時更改到其他帳戶。,8315.6,0.195,,,,
fire-red-asr2,codec,15.0,d0010,claim,1,ok,42.665,11.52,您好我上個月已經提交了凱人壽醫卡守護重大傷並定期健康保險的理賠申請想詢問一下目前的理賠進度之前有收到一封補件通知說需要補充主治醫師的診斷書我已經補交了想確認一下是否有收到請問現在審核到哪個階段瞭如果核定通過的話大概什麼時候可以入賬另外我想確認一下入賬的賬戶是當初投保時填的那個賬號還是可以臨時更改到其他賬戶,您好，我上個月已經提交了凱基人壽醫卡守護重大傷病定期健康保險的理賠申請，想詢問一下目前的理賠進度。之前有收到一封補件通知，說需要補充主治醫師的診斷書，我已經補交了，想確認一下是否有收到。請問現在審核到哪個階段了，如果核定通過的話大概什麼時候可以入帳。另外我想確認一下入帳的帳戶是當初投保時填的那個帳號，還是可以臨時更改到其他帳戶。,8049.9,0.189,,,,
fire-red-asr2,echo,15.0,d0010,claim,1,ok,42.665,13.94,您好我上個月已經提交了凱壽醫卡守護重大傷並定期健康保險的理賠申請想詢問一下目前的理賠進度之前有收到一封補通知說需要補充組治醫師的診斷書我已經補交了想確認一下是否有收到請問現在審核到哪個階段瞭如果核定通過的話大概什麼時候可以入賬另外我想確認一下入賬的賬戶是當初投保時的那個賬號還是可以臨時更改到其他賬戶,您好，我上個月已經提交了凱基人壽醫卡守護重大傷病定期健康保險的理賠申請，想詢問一下目前的理賠進度。之前有收到一封補件通知，說需要補充主治醫師的診斷書，我已經補交了，想確認一下是否有收到。請問現在審核到哪個階段了，如果核定通過的話大概什麼時候可以入帳。另外我想確認一下入帳的帳戶是當初投保時填的那個帳號，還是可以臨時更改到其他帳戶。,8159.1,0.191,,,,
fire-red-asr2,babble,15.0,d0010,claim,1,ok,42.665,12.12,您好我上個月已經提交了凱極壽醫卡守護重大傷並定期健康保險的理賠申請想詢問一下目前的理賠進度之前有收到一封補件通知說需要補充主治醫師的診斷書我已經補交了想確認一下是否有收到請問現在審核到哪個階段瞭如果核定通過的話大概什麼時候可以入賬另外我想確認一下入賬的賬戶是當初投保時填的那個賬號還是可以臨時更改到其他賬戶,您好，我上個月已經提交了凱基人壽醫卡守護重大傷病定期健康保險的理賠申請，想詢問一下目前的理賠進度。之前有收到一封補件通知，說需要補充主治醫師的診斷書，我已經補交了，想確認一下是否有收到。請問現在審核到哪個階段了，如果核定通過的話大概什麼時候可以入帳。另外我想確認一下入帳的帳戶是當初投保時填的那個帳號，還是可以臨時更改到其他帳戶。,7654.1,0.179,,,,
fire-red-asr2,clean,,d0026,product_inquiry,1,ok,43.966,16.17,您好我想多瞭解一下凱人受意想增心長期照顧終身保險這個商品我想知道這個保險的長照認定是否包含認知功能障礙如失智症還是說只限於身體功能障礙的狀況如果是施質證導致的腸造需求申請的流程跟一般身體能是一樣嗎需要哪種專科醫師的診斷另外這個商品的保障是終身有效嗎還是說到幾歲就停止幾負了麻煩詳細說明一下這個商品的幾條件,您好，我想多了解一下凱基人壽溢享增心長期照顧終身保險這個商品。我想知道這個保險的長照認定是否包含認知功能障礙，例如失智症，還是說只限於身體功能障礙的狀況。如果是失智症導致的長照需求，申請的流程跟一般身體失能是一樣嗎，需要哪種專科醫師的診斷。另外這個商品的保障是終身有效嗎，還是說到幾歲就停止給付了，麻煩詳細說明一下這個商品的給付條件。,8383.7,0.191,,,,
fire-red-asr2,codec,15.0,d0026,product_inquiry,1,ok,43.966,15.57,您好我想多瞭解一下凱人受意想增心長期照顧終身保險這個商品我想知道這個保險的長認定是否包含認知功能障礙例如失智症還是說只限於身體功能障礙的狀況如果是失質證導致的腸造需求申請的流程跟一般身體能是一樣嗎需要哪種專科醫師的診斷另外這個商品的保障是終身有效嗎還是說到幾歲就停止幾負了麻煩詳細說明一下這個商品的幾條件,您好，我想多了解一下凱基人壽溢享增心長期照顧終身保險這個商品。我想知道這個保險的長照認定是否包含認知功能障礙，例如失智症，還是說只限於身體功能障礙的狀況。如果是失智症導致的長照需求，申請的流程跟一般身體失能是一樣嗎，需要哪種專科醫師的診斷。另外這個商品的保障是終身有效嗎，還是說到幾歲就停止給付了，麻煩詳細說明一下這個商品的給付條件。,7967.5,0.181,,,,
fire-red-asr2,echo,15.0,d0026,product_inquiry,1,ok,43.966,16.17,您好我想多瞭解一下凱受意響增長期照顧終身保險這個商品我想知道這個保險的長認定是否包含認知功能障礙例如失智症還是說只限於身體功能障礙的狀況如果是失質證導致的長造需求申請的流程跟一般身體能是一樣嗎需要哪種專科醫師的診斷另外這個商品的保障是終身有效嗎還是說到幾歲就停止幾部了麻煩詳細說明一下這個商品的幾步條件,您好，我想多了解一下凱基人壽溢享增心長期照顧終身保險這個商品。我想知道這個保險的長照認定是否包含認知功能障礙，例如失智症，還是說只限於身體功能障礙的狀況。如果是失智症導致的長照需求，申請的流程跟一般身體失能是一樣嗎，需要哪種專科醫師的診斷。另外這個商品的保障是終身有效嗎，還是說到幾歲就停止給付了，麻煩詳細說明一下這個商品的給付條件。,7913.9,0.18,,,,
fire-red-asr2,babble,15.0,d0026,product_inquiry,1,ok,43.966,16.17,您好我想多瞭解一下凱人受意想心長期照顧終身保險這個商品我想知道這個保險的長照認定是否包含認知功能障礙例如失智症還是說只限於身體功能障礙的狀況如果是溼質證導致的腸造需求申請的流程跟一般身體能是一樣嗎需要哪種專科醫師的診斷另外這個商品的保障是終身有效嗎還是說到幾歲就停止幾負了麻煩詳細說明一下這個商品的幾條件,您好，我想多了解一下凱基人壽溢享增心長期照顧終身保險這個商品。我想知道這個保險的長照認定是否包含認知功能障礙，例如失智症，還是說只限於身體功能障礙的狀況。如果是失智症導致的長照需求，申請的流程跟一般身體失能是一樣嗎，需要哪種專科醫師的診斷。另外這個商品的保障是終身有效嗎，還是說到幾歲就停止給付了，麻煩詳細說明一下這個商品的給付條件。,7886.7,0.179,,,,
fire-red-asr2,clean,,d0045,lapse_reinstate,1,ok,40.078,13.14,您好我收到凱計人壽寄來的一封通知說我的增優利利率變動洗年金保險已經進入停效狀態我有一些問題想詢問我不太清楚停校的原因是什麼是因為保費欠繳還是有其他狀況停校期間我的保障有暫停嗎如果在停校期間發生事故我的保障還有效嗎另外請問我可以在哪裡查詢停校的確切日期以及目前欠繳的保費金額是多少如果我想要辦理覆校有什麼條件和期限的限制嗎,您好，我收到凱基人壽寄來的一封通知，說我的增優利利率變動型年金保險已經進入停效狀態，我有一些問題想詢問。我不太清楚停效的原因是什麼，是因為保費欠繳嗎，還是有其他狀況。停效期間我的保障有暫停嗎，如果在停效期間發生事故，我的保障還有效嗎。另外請問我可以在哪裡查詢停效的確切日期，以及目前欠繳的保費金額是多少，如果我想要辦理復效，有什麼條件和期限的限制嗎。,7705.8,0.192,,,,
fire-red-asr2,codec,15.0,d0045,lapse_reinstate,1,ok,40.078,13.14,您好我收到凱機人壽寄來的一封通知說我的增優利利率變動型年金保險已經進入停狀態我有一些問題想詢問我不太清楚停校的原因是什麼是因為保費欠繳還是有其他狀況停校期間我的保障有暫停嗎如果在停校期間發生事故我的保障還有效嗎另外請問我可以在哪裡查詢停校的確切日期以及目前欠繳的保費金額是多少如果我想要辦理覆校有什麼條件和期限的限制嗎,您好，我收到凱基人壽寄來的一封通知，說我的增優利利率變動型年金保險已經進入停效狀態，我有一些問題想詢問。我不太清楚停效的原因是什麼，是因為保費欠繳嗎，還是有其他狀況。停效期間我的保障有暫停嗎，如果在停效期間發生事故，我的保障還有效嗎。另外請問我可以在哪裡查詢停效的確切日期，以及目前欠繳的保費金額是多少，如果我想要辦理復效，有什麼條件和期限的限制嗎。,7060.4,0.176,,,,
fire-red-asr2,echo,15.0,d0045,lapse_reinstate,1,ok,40.078,14.29,您好我收到凱計人授寄來的一封通知說我的增優利利率變動洗年金保險已經進入停狀態我有一些問題想詢問問我不太清楚停校的原因是什麼麼是因為保費欠繳嗎還是有其他狀況停校期間我的保障有暫停嗎如果在停校期間發生事故我的保障還有效嗎另外請問我可以在哪裡查詢停校的確切日期以及目前欠繳的保費金額是多少如果我想要辦理覆校有什麼條件和限的限制嗎嗎,您好，我收到凱基人壽寄來的一封通知，說我的增優利利率變動型年金保險已經進入停效狀態，我有一些問題想詢問。我不太清楚停效的原因是什麼，是因為保費欠繳嗎，還是有其他狀況。停效期間我的保障有暫停嗎，如果在停效期間發生事故，我的保障還有效嗎。另外請問我可以在哪裡查詢停效的確切日期，以及目前欠繳的保費金額是多少，如果我想要辦理復效，有什麼條件和期限的限制嗎。,7334.5,0.183,,,,
fire-red-asr2,babble,15.0,d0045,lapse_reinstate,1,ok,40.078,13.71,您好我收到凱計人壽寄來的一封通知說我的增優利利率變動型年金保險已經進入停狀態我有一些問題想詢問我不太清楚停校的原因是什麼是因為保費欠繳還是有其他狀況停校期間我的保障有暫停嗎如果在停校期間發生事故我的保障還有效嗎另外請問我可以在哪裡查詢停校的確切日期以及目前欠繳的保費金額是多少如果我想要辦理覆校有什麼條件和奇限的限制嗎,您好，我收到凱基人壽寄來的一封通知，說我的增優利利率變動型年金保險已經進入停效狀態，我有一些問題想詢問。我不太清楚停效的原因是什麼，是因為保費欠繳嗎，還是有其他狀況。停效期間我的保障有暫停嗎，如果在停效期間發生事故，我的保障還有效嗎。另外請問我可以在哪裡查詢停效的確切日期，以及目前欠繳的保費金額是多少，如果我想要辦理復效，有什麼條件和期限的限制嗎。,7117.4,0.178,,,,
fire-red-asr2,clean,,d0036,payment,1,ok,40.814,12.42,您好我想詢問凱人壽步步穩營外幣變額壽險的繳費相關問題這張保單的保費是以美元計算我想了解繳費方式有哪些選擇如果我沒有外幣賬戶可以直接用臺幣賬戶繳費嗎這樣的話匯率是怎麼換算的是用哪天的匯率另外如果我有美元外幣賬戶可以直接用外幣賬戶扣款嗎這樣繳費比較方便嗎麻煩說明一下不同繳費方式的差異,您好，我想詢問凱基人壽步步穩盈外幣變額壽險的繳費相關問題。這張保單的保費是以美元計算，我想了解繳費方式有哪些選擇。如果我沒有外幣帳戶，可以直接用台幣帳戶繳費嗎，這樣的話匯率是怎麼換算的，是用哪天的匯率。另外如果我有美元外幣帳戶，可以直接用外幣帳戶扣款嗎，這樣繳費比較方便嗎，麻煩說明一下不同繳費方式的差異。,7584.1,0.186,,,,
fire-red-asr2,codec,15.0,d0036,payment,1,ok,40.814,13.07,您好我想詢問凱壽步步穩營外幣變額壽險的繳費相關問題這張保單的保費是以美元計算我想了解繳費方式有哪些選擇如果我沒有外幣賬戶可以直接用臺幣賬戶繳費嗎這樣的話匯率是怎麼換算的是用哪天的匯率另外如果我有美元外幣賬戶可以直接用外幣賬戶扣款嗎這樣繳費比較方便嗎麻煩說明一下不同繳費方式的差異,您好，我想詢問凱基人壽步步穩盈外幣變額壽險的繳費相關問題。這張保單的保費是以美元計算，我想了解繳費方式有哪些選擇。如果我沒有外幣帳戶，可以直接用台幣帳戶繳費嗎，這樣的話匯率是怎麼換算的，是用哪天的匯率。另外如果我有美元外幣帳戶，可以直接用外幣帳戶扣款嗎，這樣繳費比較方便嗎，麻煩說明一下不同繳費方式的差異。,8061.0,0.198,,,,
fire-red-asr2,echo,15.0,d0036,payment,1,ok,40.814,13.07,您好我想詢問凱人壽步不穩營外幣變額壽險的繳費相關問題這張保單的保費是以美元計算我想了解繳費方式有哪些選擇如果我沒有外幣賬戶可以直接用臺幣賬戶繳費嗎這樣的話匯率是怎麼換算的是用哪天的匯率另外如果我有美元外幣賬戶可以直接用外幣賬戶扣款嗎這樣繳費比較方便嗎麻煩說明一下不同繳費方式的差異,您好，我想詢問凱基人壽步步穩盈外幣變額壽險的繳費相關問題。這張保單的保費是以美元計算，我想了解繳費方式有哪些選擇。如果我沒有外幣帳戶，可以直接用台幣帳戶繳費嗎，這樣的話匯率是怎麼換算的，是用哪天的匯率。另外如果我有美元外幣帳戶，可以直接用外幣帳戶扣款嗎，這樣繳費比較方便嗎，麻煩說明一下不同繳費方式的差異。,7134.9,0.175,,,,
fire-red-asr2,babble,15.0,d0036,payment,1,ok,40.814,13.07,您好我想詢問凱人壽步步穩營外幣變額壽險的繳費相關問題這張保單的保費是以美元計算我想了解繳費方式有哪些選擇如果我沒有外幣賬戶可以直接用臺幣賬戶繳費嗎這樣的話匯率是怎麼換算的是適用哪天的匯率另外如果我有美元外幣賬戶可以直接用外幣賬戶扣款嗎這樣繳費比較方便嗎麻煩說明一下不同繳費方式的差異,您好，我想詢問凱基人壽步步穩盈外幣變額壽險的繳費相關問題。這張保單的保費是以美元計算，我想了解繳費方式有哪些選擇。如果我沒有外幣帳戶，可以直接用台幣帳戶繳費嗎，這樣的話匯率是怎麼換算的，是用哪天的匯率。另外如果我有美元外幣帳戶，可以直接用外幣帳戶扣款嗎，這樣繳費比較方便嗎，麻煩說明一下不同繳費方式的差異。,7563.5,0.185,,,,
fire-red-asr2,clean,,d0035,payment,1,ok,40.26,14.12,您好我的凱計授臺幣海本終身保險上個月保費扣款失敗想詢問一下後續的處理方式請問這張保單有設定自動墊角功能嗎如果有的話是從保單的現金價值里扣嗎墊角的話有沒有利息另外如果自動墊後保單現金價值用完了保單就會直接失效嗎還是說公司會先通知我我現在想要儘快補繳這個月的保費需要補繳的金額包含電角利息嗎請幫我說明一下目前的狀況,您好，我的凱基人壽臺幣還本終身保險上個月保費扣款失敗，想詢問一下後續的處理方式。請問這張保單有設定自動墊繳功能嗎，如果有的話，是從保單的現金價值裡扣嗎，墊繳的話有沒有利息。另外如果自動墊繳後保單現金價值用完了，保單就會直接失效嗎，還是說公司會先通知我。我現在想要盡快補繳這個月的保費，需要補繳的金額包含墊繳利息嗎，請幫我說明一下目前的狀況。,7162.1,0.178,,,,
fire-red-asr2,codec,15.0,d0035,payment,1,ok,40.26,12.94,您好我的凱人壽臺幣海本終身保險上個月保費扣款失敗想詢問一下後續的處理方式請問這張保單有設定自動墊角功能嗎如果有的話是從保單的現金價值里扣嗎墊角的話有沒有利息另外如果自動墊後保單現金價值用完了保單就會直接失效嗎還是說公司會先通知我我現在想要儘快補繳這個月的保費需要補繳的金額包含電角利息嗎請幫我說明一下目前的狀況,您好，我的凱基人壽臺幣還本終身保險上個月保費扣款失敗，想詢問一下後續的處理方式。請問這張保單有設定自動墊繳功能嗎，如果有的話，是從保單的現金價值裡扣嗎，墊繳的話有沒有利息。另外如果自動墊繳後保單現金價值用完了，保單就會直接失效嗎，還是說公司會先通知我。我現在想要盡快補繳這個月的保費，需要補繳的金額包含墊繳利息嗎，請幫我說明一下目前的狀況。,7207.9,0.179,,,,
fire-red-asr2,echo,15.0,d0035,payment,1,ok,40.26,14.12,您好我的凱授臺幣海本終身保險上個月保費扣款失敗想詢問一下後續的處理方式請問這張保單有設定自動電角功能嗎如果有的話是從保單的現金價值里扣嗎墊角的話有沒有利息另外如果自動墊繳後保單現金價值用完了保單就會直接失效嗎還是說公司會先通知我我現在想要儘快補繳這個月的保費需要補繳的金額包含電角利息嗎請幫我說明一下目前的狀況,您好，我的凱基人壽臺幣還本終身保險上個月保費扣款失敗，想詢問一下後續的處理方式。請問這張保單有設定自動墊繳功能嗎，如果有的話，是從保單的現金價值裡扣嗎，墊繳的話有沒有利息。另外如果自動墊繳後保單現金價值用完了，保單就會直接失效嗎，還是說公司會先通知我。我現在想要盡快補繳這個月的保費，需要補繳的金額包含墊繳利息嗎，請幫我說明一下目前的狀況。,7852.1,0.195,,,,
fire-red-asr2,babble,15.0,d0035,payment,1,ok,40.26,14.12,您好我的凱授臺幣海本終身保險上個月保費扣款失敗想詢問一下後續的處理方式請問這張保單有設定自動墊角功能嗎如果有的話是從保單的現金價值里扣嗎墊角的話有沒有利息另外如果自動墊後保單現金價值用完了保單就會直接失效嗎還是說公司會先通知我我現在想要儘快補繳這個月的保費需要補繳的金額包含電角利息嗎請幫我說明一下目前的狀況,您好，我的凱基人壽臺幣還本終身保險上個月保費扣款失敗，想詢問一下後續的處理方式。請問這張保單有設定自動墊繳功能嗎，如果有的話，是從保單的現金價值裡扣嗎，墊繳的話有沒有利息。另外如果自動墊繳後保單現金價值用完了，保單就會直接失效嗎，還是說公司會先通知我。我現在想要盡快補繳這個月的保費，需要補繳的金額包含墊繳利息嗎，請幫我說明一下目前的狀況。,10617.5,0.264,,,,
fire-red-asr2,clean,,d0032,product_inquiry,1,ok,43.023,12.96,您好我想了解凱人壽響樂活住院醫療定期保險的保障細節我想了解這個商品是實支付還是定額型如果是實支付的話雜費的限額是多少另外我想問一下如果在住院期間需要自費的醫療耗材或是新事手術這些費用可以申請理賠嗎關於住院的定義急診流院觀察的情況算在住院天數內嗎還是說一定要辦理正式住院手續才算麻煩你說明一下,您好，我想了解凱基人壽永享樂活住院醫療定期保險的保障細節。我想了解這個商品是實支實付型還是定額型，如果是實支實付的話，雜費的限額是多少。另外我想問一下，如果在住院期間需要自費的醫療耗材或是新式手術，這些費用可以申請理賠嗎。關於住院的定義，急診留院觀察的情況算在住院天數內嗎，還是說一定要辦理正式住院手續才算，麻煩妳說明一下。,10875.7,0.253,,,,
fire-red-asr2,codec,15.0,d0032,product_inquiry,1,ok,43.023,12.96,您好我想了解凱極人響樂活住院醫療定期保險的保障細節我想了解這個商品是實支食付型還是定額型如果是實支付的話雜費的限額是多少另外我想問一下如果在住院期間需要自費的醫療耗材或是新事手術這些費用可以申請理賠嗎關於住院的定義急診流院觀察的情況算在住院天數內嗎還是說一定要辦理正式住院手續才算麻煩你說明一下,您好，我想了解凱基人壽永享樂活住院醫療定期保險的保障細節。我想了解這個商品是實支實付型還是定額型，如果是實支實付的話，雜費的限額是多少。另外我想問一下，如果在住院期間需要自費的醫療耗材或是新式手術，這些費用可以申請理賠嗎。關於住院的定義，急診留院觀察的情況算在住院天數內嗎，還是說一定要辦理正式住院手續才算，麻煩妳說明一下。,8927.0,0.207,,,,
fire-red-asr2,echo,15.0,d0032,product_inquiry,1,ok,43.023,16.05,您好我想了解採集人響樂住院醫療定期保險的保障細節我想了解這個商品是識支付還是定額型如果是實支的話雜費的限額是多少另外我想問一下如果在住院期間需要自備的醫療耗材或是新事手術這些費用可以申請理賠嗎關於住院的定義急診留院觀察的情況算在住院天數內嗎還是說一定要辦理正式住院手續才算麻煩你說明一下,您好，我想了解凱基人壽永享樂活住院醫療定期保險的保障細節。我想了解這個商品是實支實付型還是定額型，如果是實支實付的話，雜費的限額是多少。另外我想問一下，如果在住院期間需要自費的醫療耗材或是新式手術，這些費用可以申請理賠嗎。關於住院的定義，急診留院觀察的情況算在住院天數內嗎，還是說一定要辦理正式住院手續才算，麻煩妳說明一下。,9354.5,0.217,,,,
fire-red-asr2,babble,15.0,d0032,product_inquiry,1,ok,43.023,12.35,您好我想了解凱人壽響樂活住院醫療定期保險的保障細節我想了解這個商品是實支付型還是定額型如果是實支付的話雜費的限額是多少另外我想問一下如果在住院期間需要自費的醫療耗材或是新事手術這些費用可以申請理賠嗎關於住院的定義急診流院觀察的情況算在住院天數內嗎還是說一定要辦理正式住院手續才算麻煩你說明一下,您好，我想了解凱基人壽永享樂活住院醫療定期保險的保障細節。我想了解這個商品是實支實付型還是定額型，如果是實支實付的話，雜費的限額是多少。另外我想問一下，如果在住院期間需要自費的醫療耗材或是新式手術，這些費用可以申請理賠嗎。關於住院的定義，急診留院觀察的情況算在住院天數內嗎，還是說一定要辦理正式住院手續才算，麻煩妳說明一下。,8685.8,0.202,,,,
fire-red-asr2,clean,,d0030,product_inquiry,1,ok,41.241,14.29,您好我想詢問凱人壽制由行照戶終身保險的照戶認定標準這個商品的照戶認定跟一般長期照顧保險的認定方式有什麼不同嗎還是說標準是一樣的我想了解日常生活功能障礙的認定例如食乳測移衛這些項目需要幾項無法自理才符合申請條件另外我很想知道如果我已經在領取其他長期照顧機構的補助這樣還可以同時申請這個保險的幾負嗎,您好，我想詢問凱基人壽智由行照護終身保險的照護認定標準。這個商品的照護認定跟一般長期照顧保險的認定方式有什麼不同嗎，還是說標準是一樣的。我想了解日常生活功能障礙的認定，例如進食、如廁、移位這些項目，需要幾項無法自理才符合申請條件。另外我很想知道，如果我已經在領取其他長期照顧機構的補助，這樣還可以同時申請這個保險的給付嗎。,7940.0,0.193,,,,
fire-red-asr2,codec,15.0,d0030,product_inquiry,1,ok,41.241,14.91,您好我想詢問凱人壽自由行照戶終身保險的照戶認定標準這個商品的照戶認定跟一般長期照顧保險的認定方式有什麼不同嗎還是說標準是一樣的我想了解日常生活功能障礙的認定例如食乳移衛這些項目需要幾項無法自理才符合申請條件另外我很想知道如果我已經再領取其他長期照顧機構的補助這樣還可以同時申請這個保險的幾嗎,您好，我想詢問凱基人壽智由行照護終身保險的照護認定標準。這個商品的照護認定跟一般長期照顧保險的認定方式有什麼不同嗎，還是說標準是一樣的。我想了解日常生活功能障礙的認定，例如進食、如廁、移位這些項目，需要幾項無法自理才符合申請條件。另外我很想知道，如果我已經在領取其他長期照顧機構的補助，這樣還可以同時申請這個保險的給付嗎。,7879.7,0.191,,,,
fire-red-asr2,echo,15.0,d0030,product_inquiry,1,ok,41.241,14.91,您好我想詢問凱人制由行照護終身保險的照戶認定標準這個商品的照戶認定跟一般長期照顧保險的認定方式有什麼不同嗎還是說標準是一樣的我想了解日常生活功能障礙的認定例如食乳移衛這些項目需要幾項無法自理才符合申請條件另外我很想知道如果我已經再領取其他長期照顧機構的補助這樣還可以同時申請這個保險的幾負嗎,您好，我想詢問凱基人壽智由行照護終身保險的照護認定標準。這個商品的照護認定跟一般長期照顧保險的認定方式有什麼不同嗎，還是說標準是一樣的。我想了解日常生活功能障礙的認定，例如進食、如廁、移位這些項目，需要幾項無法自理才符合申請條件。另外我很想知道，如果我已經在領取其他長期照顧機構的補助，這樣還可以同時申請這個保險的給付嗎。,7639.6,0.185,,,,
fire-red-asr2,babble,15.0,d0030,product_inquiry,1,ok,41.241,14.91,您好我想詢問凱人制由行照戶終身保險的照戶認定標準這個商品的照戶認定跟一般長期照顧保險的認定方式有什麼不同嗎還是說標準是一樣的我想了解日常生活功能障礙的認定例如食乳移衛這些項目需要幾項無法自理才符合申請條件另外我很想知道如果我已經在領取其他長期照顧機構的補助這樣還可以同時申請這個保險的幾負嗎,您好，我想詢問凱基人壽智由行照護終身保險的照護認定標準。這個商品的照護認定跟一般長期照顧保險的認定方式有什麼不同嗎，還是說標準是一樣的。我想了解日常生活功能障礙的認定，例如進食、如廁、移位這些項目，需要幾項無法自理才符合申請條件。另外我很想知道，如果我已經在領取其他長期照顧機構的補助，這樣還可以同時申請這個保險的給付嗎。,7834.5,0.19,,,,
fire-red-asr2,clean,,d0015,policy_inquiry,1,ok,40.124,11.18,您好我想詢問凱人壽想放心長期照顧終身健康保險的保障內容我想了解一下這張保單的長照認定標準是以八室量表的分數為主還是有其他標準幾分以下才符合申請條件如果符合常照認定的話每個月可以領取的分歧保險金是固定金額還是依照保單面額計算另外我記得當時有附加其他復約想請問付約的保障內容跟主約是否完全獨立還是說主約失效復約也會跟著失效,您好，我想詢問凱基人壽享放心長期照顧終身健康保險的保障內容。我想了解一下，這張保單的長照認定標準是以巴氏量表的分數為主還是有其他標準，幾分以下才符合申請條件。如果符合長照認定的話，每個月可以領取的分期保險金是固定金額還是依照保單面額計算。另外我記得當時有附加其他附約，想請問附約的保障內容跟主約是否完全獨立，還是說主約失效附約也會跟著失效。,6952.8,0.173,,,,
fire-red-asr2,codec,15.0,d0015,policy_inquiry,1,ok,40.124,11.76,您好我想詢問凱人壽想放心長期照顧終身健康保險的保障內容我想了解一下這張保單的長照認定標準是以八室量表的分數為主還是有其他標準幾分以下才符合申請條件如果符合常認定的話每個月可以領取的分歧保險金是固定金額還是依照保單面額計算另外我記得當時有附加其他復約想請問赴約的保障內容跟主約是否完全獨立還是說主約失效復約也會跟著失效,您好，我想詢問凱基人壽享放心長期照顧終身健康保險的保障內容。我想了解一下，這張保單的長照認定標準是以巴氏量表的分數為主還是有其他標準，幾分以下才符合申請條件。如果符合長照認定的話，每個月可以領取的分期保險金是固定金額還是依照保單面額計算。另外我記得當時有附加其他附約，想請問附約的保障內容跟主約是否完全獨立，還是說主約失效附約也會跟著失效。,7217.4,0.18,,,,
fire-red-asr2,echo,15.0,d0015,policy_inquiry,1,ok,40.124,12.35,您好我想詢問凱人壽想放心長級照顧終身健康保險的保障內容我想了解一下這張保單的長受認定標準是以八十量表的分數為主還是有其他標準幾分以下才符合申請條件如果符合長效認定的話每個月可以領取的分歧保險金是固定金額還是依照保單面額計算另外我記得當時有附加其他復約想請問復約的保障內容跟主約是否完全獨立還是說主約失效復約也會跟著失效,您好，我想詢問凱基人壽享放心長期照顧終身健康保險的保障內容。我想了解一下，這張保單的長照認定標準是以巴氏量表的分數為主還是有其他標準，幾分以下才符合申請條件。如果符合長照認定的話，每個月可以領取的分期保險金是固定金額還是依照保單面額計算。另外我記得當時有附加其他附約，想請問附約的保障內容跟主約是否完全獨立，還是說主約失效附約也會跟著失效。,7809.1,0.195,,,,
fire-red-asr2,babble,15.0,d0015,policy_inquiry,1,ok,40.124,11.18,您好我想詢問凱人壽想放心長期照顧終身健康保險的保障內容我想了解一下這張保單的長照認定標準是以八室量表的分數為主還是有其他標準幾分以下才符合申請條件如果符合常照認定的話每個月可以領取的分歧保險金是固定金額還是依照保單面額計算另外我記得當時有附加其他復約想請問赴約的保障內容跟主約是否完全獨立還是說主約失效復約也會跟著失效,您好，我想詢問凱基人壽享放心長期照顧終身健康保險的保障內容。我想了解一下，這張保單的長照認定標準是以巴氏量表的分數為主還是有其他標準，幾分以下才符合申請條件。如果符合長照認定的話，每個月可以領取的分期保險金是固定金額還是依照保單面額計算。另外我記得當時有附加其他附約，想請問附約的保障內容跟主約是否完全獨立，還是說主約失效附約也會跟著失效。,7001.5,0.174,,,,
fire-red-asr2,clean,,d0024,policy_change,1,ok,42.454,13.25,您好我想詢問在凱仁授醫卡新安重大商病終身健康保險上面加掛赴約的問題我目前主約已經繳了幾年了現在想要加保一些醫療相關的復約增加住院醫療的保障請問在現有保單上增加復約需要重新做合核保審查嗎還是可以直接申請我有一些慢性病史在當初投保時有填在健康告知書上請問加掛復約時這些既有的病史會不會影響復約的核保結果謝謝你的說明,您好，我想詢問在凱基人壽醫卡新安重大傷病終身健康保險上面加掛附約的問題。我目前主約已經繳了幾年了，現在想要加保一些醫療相關的附約，增加住院醫療的保障。請問在現有保單上增加附約需要重新做核保審查嗎，還是可以直接申請。我有一些慢性病史，在當初投保時有填在健康告知書上，請問加掛附約時這些既有的病史會不會影響附約的核保結果，謝謝妳的說明。,8526.2,0.201,,,,
fire-red-asr2,codec,15.0,d0024,policy_change,1,ok,42.454,13.86,您好我想詢問在凱基授醫卡安重大商病終生健康保險上面加掛赴約的問題我目前主約已經繳了幾年了現在想要加保一些醫療相關的復約增加住院醫療的保障請問在現有保單上增加復約需要重新做核保審查嗎還是可以直接申請我有一些慢性病史在當初投保時有填在健康告知書上請問加掛復約時這些既有的病史會不會影響復約的合核保結果謝謝你的說明,您好，我想詢問在凱基人壽醫卡新安重大傷病終身健康保險上面加掛附約的問題。我目前主約已經繳了幾年了，現在想要加保一些醫療相關的附約，增加住院醫療的保障。請問在現有保單上增加附約需要重新做核保審查嗎，還是可以直接申請。我有一些慢性病史，在當初投保時有填在健康告知書上，請問加掛附約時這些既有的病史會不會影響附約的核保結果，謝謝妳的說明。,8126.1,0.191,,,,
fire-red-asr2,echo,15.0,d0024,policy_change,1,ok,42.454,13.25,您好我想詢問在凱受醫卡安重大傷病終生健康保險上面加掛赴約的問題我目前主約已經繳了幾年了現在想要加保一些醫療相關的復約增加住院醫療的保障請問在現有保單上增加復約需要重新做核保審查嗎還是可以直接申請我有一些慢性病史在當初投保時有填在健康告知書上請問加掛付約時這些既有的病史會不會影響復約的核保結果謝謝你的說明,您好，我想詢問在凱基人壽醫卡新安重大傷病終身健康保險上面加掛附約的問題。我目前主約已經繳了幾年了，現在想要加保一些醫療相關的附約，增加住院醫療的保障。請問在現有保單上增加附約需要重新做核保審查嗎，還是可以直接申請。我有一些慢性病史，在當初投保時有填在健康告知書上，請問加掛附約時這些既有的病史會不會影響附約的核保結果，謝謝妳的說明。,7587.7,0.179,,,,
fire-red-asr2,babble,15.0,d0024,policy_change,1,ok,42.454,12.65,您好我想詢問在凱仁醫卡新安重大商病終身健康保險上面加掛赴約的問題我目前主約已經繳了幾年了現在想要加保一些醫療相關的復約增加住院醫療的保障請問在現有保單上增加復約需要重新做核保審查嗎還是可以直接申請我有一些慢性病史在當初投保時有填在健康告知書上請問加掛復約時這些既有的病史會不會影響復約的核保結果謝謝你的說明,您好，我想詢問在凱基人壽醫卡新安重大傷病終身健康保險上面加掛附約的問題。我目前主約已經繳了幾年了，現在想要加保一些醫療相關的附約，增加住院醫療的保障。請問在現有保單上增加附約需要重新做核保審查嗎，還是可以直接申請。我有一些慢性病史，在當初投保時有填在健康告知書上，請問加掛附約時這些既有的病史會不會影響附約的核保結果，謝謝妳的說明。,7603.6,0.179,,,,
fire-red-asr2,clean,,d0009,claim,1,ok,37.737,12.57,您好我先生在工地工作時發生職業傷害造成一隻手的功能受損我想詢問凱人受人生意外傷害保險的師能保險金申請事宜我們手邊有勞保局核定的職業傷害報告不知道這份文件可以作為申請的依據嗎施適能等級表的話我有看過但不太確定它的狀況是屬於哪個等級能不能請你協助說明判定標準另外如果後續有申請復建附建期間的相關費用有沒有在保障範圍內,您好，我先生在工地工作時發生職業傷害，造成一隻手的功能受損，我想詢問凱基人壽人身意外傷害保險的失能保險金申請事宜。我們手邊有勞保局核定的職業傷害報告，不知道這份文件可以作為申請的依據嗎。失能等級表的話我有看過，但不太確定他的狀況是屬於哪個等級，能不能請妳協助說明判定標準。另外如果後續有申請復健，復健期間的相關費用有沒有在保障範圍內。,6627.9,0.176,,,,
fire-red-asr2,codec,15.0,d0009,claim,1,ok,37.737,13.17,您好我先生在工地工作時發生職業傷害造成一隻手的功能受損我想詢問凱人受人生意外傷害保險的師能保險金申請事宜我們首手邊有勞保局核定的職業傷害報告不知道這份文件可以作為申請的依據嗎施適能等級表的話我有看過但不太確定它的狀況是屬於哪個等級能不能請你協助說明判定標準另外如果後續有申請復建附件期間的相關費用有沒有在保障範圍內,您好，我先生在工地工作時發生職業傷害，造成一隻手的功能受損，我想詢問凱基人壽人身意外傷害保險的失能保險金申請事宜。我們手邊有勞保局核定的職業傷害報告，不知道這份文件可以作為申請的依據嗎。失能等級表的話我有看過，但不太確定他的狀況是屬於哪個等級，能不能請妳協助說明判定標準。另外如果後續有申請復健，復健期間的相關費用有沒有在保障範圍內。,12238.4,0.324,,,,
fire-red-asr2,echo,15.0,d0009,claim,1,ok,37.737,14.37,您好我先生在工地工作時發生職業傷害造成一隻手的功能受損我想詢問凱人受人生意外傷害保險的師能保險金申請示宜我們首邊有勞保局核定的職業傷害報告告不知道這份文件可以作為申請的依據嗎施適能等級表的話我有看過但不太確定它的狀況是屬於哪個等級能不能請你協助說明判定標準另外如果後續有申請復件附件間的相關費用有沒有在保障範圍內內,您好，我先生在工地工作時發生職業傷害，造成一隻手的功能受損，我想詢問凱基人壽人身意外傷害保險的失能保險金申請事宜。我們手邊有勞保局核定的職業傷害報告，不知道這份文件可以作為申請的依據嗎。失能等級表的話我有看過，但不太確定他的狀況是屬於哪個等級，能不能請妳協助說明判定標準。另外如果後續有申請復健，復健期間的相關費用有沒有在保障範圍內。,12044.7,0.319,,,,
fire-red-asr2,babble,15.0,d0009,claim,1,ok,37.737,13.17,您好我先生在工地工作時發生職業傷害造成一隻手的功能受損我想詢問凱人受人生意外傷害保險的師能保險金申請事宜我們首邊有勞保局核定的職業傷害報告不知道這份文件可以作為申請的依據嗎施適能等級表的話我有看過但不太確定它的狀況是屬於哪個等級能不能請你協助說明判定標準另外如果後續有申請復建附建期間的相關費用有沒有在保障範圍內,您好，我先生在工地工作時發生職業傷害，造成一隻手的功能受損，我想詢問凱基人壽人身意外傷害保險的失能保險金申請事宜。我們手邊有勞保局核定的職業傷害報告，不知道這份文件可以作為申請的依據嗎。失能等級表的話我有看過，但不太確定他的狀況是屬於哪個等級，能不能請妳協助說明判定標準。另外如果後續有申請復健，復健期間的相關費用有沒有在保障範圍內。,6855.1,0.182,,,,
fire-red-asr2,clean,,d0013,policy_inquiry,1,ok,36.915,14.55,您好我有投保凱基人壽增優利利率變動洗年金保險想詢問一下年經幾付的相關問題我想確認一下我的年開始日幾年幾月以及每次年經付的金額大概是多少請問年的給付方式是按月還是按年發放如果在年幾付期間我不幸深故剩餘的年金要怎麼處理另外我想了解一下如果提前解約的話解約金跟我一腳的保費相比是否划算再麻煩您給我一些說明,您好，我有投保凱基人壽增優利利率變動型年金保險，想詢問一下年金給付的相關問題。我想確認一下我的年金開始日是幾年幾月，以及每次年金給付的金額大概是多少。請問年金的給付方式是按月還是按年發放，如果在年金給付期間我不幸身故，剩餘的年金要怎麼處理。另外我想了解一下如果提前解約的話，解約金跟我已繳的保費相比是否划算，再麻煩您給我一些說明。,8154.4,0.221,,,,
fire-red-asr2,codec,15.0,d0013,policy_inquiry,1,ok,36.915,16.36,您好我有投保凱基人壽增優利利率變動起年金保險想詢問一下年幾的相關問題我想確認一下我的年開始日幾年幾月以及每次年經付的金額大概是多少請問年的給方式是按月還是按年發放如果在年幾期間我不幸深剩餘的年金要怎麼處理另外我想了解一下如果提前解約的話解約金跟我一繳的保費相比是否划算再麻煩您給我一些說明,您好，我有投保凱基人壽增優利利率變動型年金保險，想詢問一下年金給付的相關問題。我想確認一下我的年金開始日是幾年幾月，以及每次年金給付的金額大概是多少。請問年金的給付方式是按月還是按年發放，如果在年金給付期間我不幸身故，剩餘的年金要怎麼處理。另外我想了解一下如果提前解約的話，解約金跟我已繳的保費相比是否划算，再麻煩您給我一些說明。,6711.8,0.182,,,,
fire-red-asr2,echo,15.0,d0013,policy_inquiry,1,ok,36.915,15.15,您好我有投保凱機人壽增優利利率變動洗年金保險想詢問一下年金幾的相關問題我想確認一下我的年開始日是幾年幾月以及每次年金付的金額大概是多少少請問年的給付方式是按月還是按年發放如果在年幾期間我不信深故剩餘的年金要怎麼處理另外我想了解一下如果提前解約的話解約金跟我一腳的保費相比是否划算再麻煩您給我一些說明,您好，我有投保凱基人壽增優利利率變動型年金保險，想詢問一下年金給付的相關問題。我想確認一下我的年金開始日是幾年幾月，以及每次年金給付的金額大概是多少。請問年金的給付方式是按月還是按年發放，如果在年金給付期間我不幸身故，剩餘的年金要怎麼處理。另外我想了解一下如果提前解約的話，解約金跟我已繳的保費相比是否划算，再麻煩您給我一些說明。,6609.8,0.179,,,,
fire-red-asr2,babble,15.0,d0013,policy_inquiry,1,ok,36.915,15.76,您好我有投保凱基人壽增優利利率變動洗年金保險想詢問一下年經幾的相關問題我想確認一下我的年開始日幾年幾月以及每次年經付的金額大概是多少請問年的給方式是按月還是按年發放如果在年幾付期間我不幸深故剩餘的年金要怎麼處理另外我想了解一下如果提前解約的話解約金跟我一角的保費相比是否划算再麻煩您給我一些說明,您好，我有投保凱基人壽增優利利率變動型年金保險，想詢問一下年金給付的相關問題。我想確認一下我的年金開始日是幾年幾月，以及每次年金給付的金額大概是多少。請問年金的給付方式是按月還是按年發放，如果在年金給付期間我不幸身故，剩餘的年金要怎麼處理。另外我想了解一下如果提前解約的話，解約金跟我已繳的保費相比是否划算，再麻煩您給我一些說明。,6355.8,0.172,,,,
fire-red-asr2,clean,,h0001,claim,1,ok,35.483,43.36,你好我有投保持人受醫療保險頂個月我是因為網站院開倒五想要請問進手術甲院醫療保險金要安怎申請需要準備倒一寡資料我已定有摕到醫開個診段證明書甲久毋知影安尼誒文件是毋是有符合你賠陪申請的要求麻煩你替我細一個申請的流,你好我有投保凱基人壽的醫療保險上個月我因為盲腸炎住院開刀住了五天想請問門診手術跟住院醫療保險金要怎麼申請需要準備哪些資料我已經有拿到醫院開的診斷證明書跟收據不知道這樣的文件格式有沒有符合理賠申請的要求麻煩幫我說明一下申請的流程,7304.0,0.206,,,,
fire-red-asr2,codec,15.0,h0001,claim,1,ok,35.483,42.48,你好我有投保人受誒醫療保險頂個月我是因為網站院開倒想要請問問手術甲院醫療保險金要安怎申請需要準備倒一寡資料我已經有摕到院開個診段證明書甲久毋知影安尼的文件是有符合你陪申請的要求麻煩你替我細一個申請的流,你好我有投保凱基人壽的醫療保險上個月我因為盲腸炎住院開刀住了五天想請問門診手術跟住院醫療保險金要怎麼申請需要準備哪些資料我已經有拿到醫院開的診斷證明書跟收據不知道這樣的文件格式有沒有符合理賠申請的要求麻煩幫我說明一下申請的流程,6305.7,0.178,,,,
fire-red-asr2,echo,15.0,h0001,claim,1,ok,35.483,53.98,好我有保受醫療保險頂個月我是因為房想要請問兩術甲醫療保險店安怎申請需要準備一資料我已有開段證明甲久唔知影安尼的文件是有符合比申請的要求麻煩你我便一個新的流,你好我有投保凱基人壽的醫療保險上個月我因為盲腸炎住院開刀住了五天想請問門診手術跟住院醫療保險金要怎麼申請需要準備哪些資料我已經有拿到醫院開的診斷證明書跟收據不知道這樣的文件格式有沒有符合理賠申請的要求麻煩幫我說明一下申請的流程,6645.0,0.187,,,,
fire-red-asr2,babble,15.0,h0001,claim,1,ok,35.483,40.71,你好我有投保人受醫療保險頂個月我是因為站院開五想要請問術甲院醫療保險金要安怎申請需要準備倒一寡資料我已經有摕到醫開的診段證明書甲久毋知影安尼誒文件是毋是有符合你賠申請的要求麻煩你替我細一個申請的流程,你好我有投保凱基人壽的醫療保險上個月我因為盲腸炎住院開刀住了五天想請問門診手術跟住院醫療保險金要怎麼申請需要準備哪些資料我已經有拿到醫院開的診斷證明書跟收據不知道這樣的文件格式有沒有符合理賠申請的要求麻煩幫我說明一下申請的流程,6456.9,0.182,,,,
fire-red-asr2,clean,,h0002,claim,1,ok,33.194,45.79,你好我爸爸頂個月確真啊第三期目前做化學治療伊有投保低人數的保險我想要了解看覓會當申請倒一寡互務我知影有感情頭一擺進斷的保險金毋知影化療的誒費用有法度申請另外若是後壁欲做線治療誒話這嘛得保種範圍內底啊,你好我爸爸上個月確診了肺癌第三期目前在做化學治療他有投保凱基人壽的癌症保險我想了解看看可以申請哪些給付項目我知道有癌症初次診斷的保險金不知道化療的費用有沒有辦法申請另外如果後續要做放射線治療的話這個也在保障範圍內嗎,5708.8,0.172,,,,
fire-red-asr2,codec,15.0,h0002,claim,1,ok,33.194,47.66,你好我爸爸頂個月確證那四第三期目前做化學治療伊有投保機人數的眼保險我想要了解看覓會當申請倒一寡互互相有我知影有感頭一擺正的保險景毋知影化療的誒費用有法度申請另外若是後壁欲做線治療誒話這嘛得保種範圍內底啊,你好我爸爸上個月確診了肺癌第三期目前在做化學治療他有投保凱基人壽的癌症保險我想了解看看可以申請哪些給付項目我知道有癌症初次診斷的保險金不知道化療的費用有沒有辦法申請另外如果後續要做放射線治療的話這個也在保障範圍內嗎,5855.4,0.176,,,,
fire-red-asr2,echo,15.0,h0002,claim,1,ok,33.194,50.47,好我爸爸頂個月確間第三支目前做化學治療伊有保低人素保險我想要了解看覓當申請一互我知影有感一的保險金毋知影化療費用無法申請另外若是後壁要做治療誒話這嘛種範圍內底啊,你好我爸爸上個月確診了肺癌第三期目前在做化學治療他有投保凱基人壽的癌症保險我想了解看看可以申請哪些給付項目我知道有癌症初次診斷的保險金不知道化療的費用有沒有辦法申請另外如果後續要做放射線治療的話這個也在保障範圍內嗎,5733.3,0.173,,,,
fire-red-asr2,babble,15.0,h0002,claim,1,ok,33.194,43.93,你好我爸爸頂個月確診啊第三期目前做化學治療伊有投保低人數的保險我想要了解看覓會申請倒一互務我知影有感頭一擺進斷的保險金毋知影化療的誒費用敢有法度申請另外若是後壁欲做線治療誒話這嘛得保種範圍內底啊,你好我爸爸上個月確診了肺癌第三期目前在做化學治療他有投保凱基人壽的癌症保險我想了解看看可以申請哪些給付項目我知道有癌症初次診斷的保險金不知道化療的費用有沒有辦法申請另外如果後續要做放射線治療的話這個也在保障範圍內嗎,5877.2,0.177,,,,
fire-red-asr2,clean,,h0003,claim,1,ok,37.263,47.24,你好阮媽媽因為中方醫生講伊符合當期照顧實狀況伊有要開支人數誒照保險想要問一個申請當期照顧分期保險金的手續是啥請問一個佫需要啥物款的醫療問件是欲新中科全科醫師開誒證段啊另外我想要確定一個報單頂有寫報費誒條款達到認定了後著毋免佫報費啊,你好我媽媽因為中風住院醫生說她符合長期照顧的失能狀況她有買凱基人壽的長照保險想要問一下申請長期照顧分期保險金的手續是什麼請問認定失能需要什麼樣的醫療文件是要神經科專科醫師開的診斷書嗎另外我想確認保單上面有寫保費豁免的條款達到長照認定之後就不用再繳保費了嗎,6640.0,0.178,,,,
fire-red-asr2,codec,15.0,h0003,claim,1,ok,37.263,48.03,你好阮媽媽因為中方醫生講伊符合當時照顧實狀況伊有要開支人數誒照保險想要問一個申請當地時照顧分題保險金的手續是寫請問一個閣需要啥物款的醫療問件是欲新中科全科醫師開的證書啊另外我想要確定一個報單頂有寫報費的條款達到認定了後都毋免佫報費啊,你好我媽媽因為中風住院醫生說她符合長期照顧的失能狀況她有買凱基人壽的長照保險想要問一下申請長期照顧分期保險金的手續是什麼請問認定失能需要什麼樣的醫療文件是要神經科專科醫師開的診斷書嗎另外我想確認保單上面有寫保費豁免的條款達到長照認定之後就不用再繳保費了嗎,6542.2,0.176,,,,
fire-red-asr2,echo,15.0,h0003,claim,1,ok,37.263,55.91,阮媽媽因為中風醫先講伊符合地照顧實驗狀況開支人數保險想要問一個申請當照顧分題保險的續實現請問一個閣需要啥麼款的醫療文件是新科專科醫另外我想要確定一個報點關寫保費誒條款達到賬點了後報啊,你好我媽媽因為中風住院醫生說她符合長期照顧的失能狀況她有買凱基人壽的長照保險想要問一下申請長期照顧分期保險金的手續是什麼請問認定失能需要什麼樣的醫療文件是要神經科專科醫師開的診斷書嗎另外我想確認保單上面有寫保費豁免的條款達到長照認定之後就不用再繳保費了嗎,6989.2,0.188,,,,
fire-red-asr2,babble,15.0,h0003,claim,1,ok,37.263,44.09,好阮媽媽因為中風醫生講伊符合當期照顧實狀況伊有要開支人數誒照保險想要問一個申請當期照顧分期保險金的手續是啥請問一個閣黨需要啥麼款的醫療文件是要新中科全科醫師開的段事啊另外我想要確定一個報單頂有寫報費誒條款達到認定了後著毋免佫來報費啊,你好我媽媽因為中風住院醫生說她符合長期照顧的失能狀況她有買凱基人壽的長照保險想要問一下申請長期照顧分期保險金的手續是什麼請問認定失能需要什麼樣的醫療文件是要神經科專科醫師開的診斷書嗎另外我想確認保單上面有寫保費豁免的條款達到長照認定之後就不用再繳保費了嗎,7232.5,0.194,,,,
fire-red-asr2,clean,,h0004,claim,1,ok,39.837,44.62,好我頂禮拜才則出院我有投保資人數誒手術保險即屆是佇地區院做北度行手術想要問一個手術保險金是要安怎申請地區醫甲醫學中心的服金無同款另外我佇開島前攏有回診保單條款若有講到院前後門診嘛有保漲獎即個部分誒費用嘛會當做會申請啊麻煩你我細一個需要準備誒物件清單,你好我上週剛出院我有投保凱基人壽的手術保險這次是在地區醫院做腹腔鏡手術想問一下手術保險金怎麼申請地區醫院跟醫學中心的給付金額會不一樣嗎另外我在開刀前後都有回診保單條款好像有提到住院前後門診也有保障這個部分的費用也可以一起申請嗎麻煩幫我說明一下需要準備的文件清單,7221.0,0.181,,,,
fire-red-asr2,codec,15.0,h0004,claim,1,ok,39.837,44.62,你好我頂禮拜才則出院我有投保開機人數的手術保險即屆是佇地區院做北度行手術想要問一個手術保險金是要安怎申請地區醫甲醫學中心的服金無同款另外我佇開島進前攏有回證報單條款若有講到住院前後門嘛有保漲獎即個部分的費用嘛會當做會申請啊麻煩你我細一個需要準備誒文物件清單,你好我上週剛出院我有投保凱基人壽的手術保險這次是在地區醫院做腹腔鏡手術想問一下手術保險金怎麼申請地區醫院跟醫學中心的給付金額會不一樣嗎另外我在開刀前後都有回診保單條款好像有提到住院前後門診也有保障這個部分的費用也可以一起申請嗎麻煩幫我說明一下需要準備的文件清單,8057.2,0.202,,,,
fire-red-asr2,echo,15.0,h0004,claim,1,ok,39.837,60.0,我頂禮代才出年我有機人數手術保險即是佇地區北度術想要問一個手術保險是要安怎申請地區甲閤中心的無共款另外我佇開有條款有後門嘛即個部分的費用嘛當做會申請啊麻煩你我便一個需要準備誒文物件單,你好我上週剛出院我有投保凱基人壽的手術保險這次是在地區醫院做腹腔鏡手術想問一下手術保險金怎麼申請地區醫院跟醫學中心的給付金額會不一樣嗎另外我在開刀前後都有回診保單條款好像有提到住院前後門診也有保障這個部分的費用也可以一起申請嗎麻煩幫我說明一下需要準備的文件清單,7004.9,0.176,,,,
fire-red-asr2,babble,15.0,h0004,claim,1,ok,39.837,46.15,好我頂禮拜才則出院我有投保人數的手術保險即屆是佇地區院做北度行手術想要問一個手術保險金是要安怎申請地區醫甲醫學中心的互無同款另外我佇開島前攏有診報條款若有講著院前後門診嘛有保漲即個部分的費用嘛會當做夥申請啊麻煩你我細一個需要準備誒物件清單,你好我上週剛出院我有投保凱基人壽的手術保險這次是在地區醫院做腹腔鏡手術想問一下手術保險金怎麼申請地區醫院跟醫學中心的給付金額會不一樣嗎另外我在開刀前後都有回診保單條款好像有提到住院前後門診也有保障這個部分的費用也可以一起申請嗎麻煩幫我說明一下需要準備的文件清單,7015.8,0.176,,,,
fire-red-asr2,clean,,h0005,claim,1,ok,38.461,38.02,你好我做近陣著鐵公司斷出有粒病需要當機治療我有投保受種大的病保險想要問即個情有符合申請重代疾病保險金的條件若是符合條件誒話請門保險金是一省服也是會等分機領抑佫有需要準備倒一寡醫療證明文件另外想要請門位提出申請到完成核定大概愛偌濟時間,你好我最近被公司診斷出有職業病需要長期治療我有投保凱基人壽的重大疾病保險想詢問這個情況符不符合申請重大疾病保險金的條件如果符合條件的話請問保險金是一次性給付還是可以分期領以及需要準備哪些醫療證明文件另外想請問從提出申請到完成核定大概要多少時間,6932.1,0.18,,,,
fire-red-asr2,codec,15.0,h0005,claim,1,ok,38.461,36.36,你好我最近著體公司斷出有即粒病需要當機治療我有投保受種大的病保險想要問即個情形有符合申請重代己病保險金的條件若是符合條件誒話請問保險金是一省服也是會等分期領抑佫有需要準備倒一寡醫療證明文件另外想要請門位提出申請到完成好定大概愛偌濟時間,你好我最近被公司診斷出有職業病需要長期治療我有投保凱基人壽的重大疾病保險想詢問這個情況符不符合申請重大疾病保險金的條件如果符合條件的話請問保險金是一次性給付還是可以分期領以及需要準備哪些醫療證明文件另外想請問從提出申請到完成核定大概要多少時間,6887.5,0.179,,,,
fire-red-asr2,echo,15.0,h0005,claim,1,ok,38.461,48.76,好我最近的公司段出需要當低治療我有保受大變保險想要問即個符合申重己變保險的條件若是符合條件話請問保險金一服是的啊佫有需要準備一寡醫療見免文件另外想要請位提出新請到完善和定大概愛偌濟時間,你好我最近被公司診斷出有職業病需要長期治療我有投保凱基人壽的重大疾病保險想詢問這個情況符不符合申請重大疾病保險金的條件如果符合條件的話請問保險金是一次性給付還是可以分期領以及需要準備哪些醫療證明文件另外想請問從提出申請到完成核定大概要多少時間,7035.0,0.183,,,,
fire-red-asr2,babble,15.0,h0005,claim,1,ok,38.461,36.36,汝好我最近著公司進斷出有需要當機治療我有投保己受大的病保險想要問即個情有符合申請重代疾病保險金的條件若是符合條件誒話請問保險金是一省服也是會等分期領抑佫有需要準備倒一寡醫療證明文件另外想要請門位提出申請到完成定大概愛偌濟時間,你好我最近被公司診斷出有職業病需要長期治療我有投保凱基人壽的重大疾病保險想詢問這個情況符不符合申請重大疾病保險金的條件如果符合條件的話請問保險金是一次性給付還是可以分期領以及需要準備哪些醫療證明文件另外想請問從提出申請到完成核定大概要多少時間,8406.5,0.219,,,,
fire-red-asr2,clean,,h0006,policy,1,ok,34.348,50.0,你好我想要了解一個我的報單賦育內容我會滴動碼誒時陣有甲富個富育毋過我無啥清楚每一個富分別保障啥物敢動請你替我一個特別是有一個意外傷害富裕我想要知影若學多出車受傷安尼算無算是保障範圍內底是恁受傷有特別的護標準,你好我想了解一下我的保單附約內容我記得當初買的時候有加附幾個附約但是我不太清楚每個附約分別保障什麼可以請幫我說明一下嗎特別是有一個意外傷害附約我想知道如果騎機車出車禍受傷這樣算不算在保障範圍內骨折或是韌帶受傷有沒有特別的給付標準,7070.8,0.206,,,,
fire-red-asr2,codec,15.0,h0006,policy,1,ok,34.348,45.61,你好我想要了解一個我的報單富育內容我會記得初碼誒時陣有加富個富約毋過我啥清楚每一個富育分別保障啥物敢動請你替我說另一個特別是有一個意外傷害富裕我想要知影若學多出車受傷安尼算無算是保障範圍內底這是恁代受傷有特別的護標準,你好我想了解一下我的保單附約內容我記得當初買的時候有加附幾個附約但是我不太清楚每個附約分別保障什麼可以請幫我說明一下嗎特別是有一個意外傷害附約我想知道如果騎機車出車禍受傷這樣算不算在保障範圍內骨折或是韌帶受傷有沒有特別的給付標準,6067.7,0.177,,,,
fire-red-asr2,echo,15.0,h0006,policy,1,ok,34.348,56.14,你好我想了解一個我的報內我會記得初時陣個富毋過我無一個富友分別保請你替我一個特別是有一個意外傷害富友我想知影哪學出車安尼算不算是保種範圍內底是恁代特別的護復標準,你好我想了解一下我的保單附約內容我記得當初買的時候有加附幾個附約但是我不太清楚每個附約分別保障什麼可以請幫我說明一下嗎特別是有一個意外傷害附約我想知道如果騎機車出車禍受傷這樣算不算在保障範圍內骨折或是韌帶受傷有沒有特別的給付標準,6232.6,0.181,,,,
fire-red-asr2,babble,15.0,h0006,policy,1,ok,34.348,46.49,美好我想要了解一個我的報單賦育內容我會記得初碼誒時陣有加負誒富約毋過我無清楚每一個富分別保障啥麼敢請你替我一個特別是有一個意外傷害富裕我想要知影若學出車貨受傷安尼算不算是保障範圍內底是恁受傷有特別的護標準,你好我想了解一下我的保單附約內容我記得當初買的時候有加附幾個附約但是我不太清楚每個附約分別保障什麼可以請幫我說明一下嗎特別是有一個意外傷害附約我想知道如果騎機車出車禍受傷這樣算不算在保障範圍內骨折或是韌帶受傷有沒有特別的給付標準,5977.6,0.174,,,,
fire-red-asr2,clean,,h0007,policy,1,ok,36.836,42.37,你好我有一張然受重新掃保單我想要問報單借款相關宜請問即即張報單有偌濟保單的準備緊下當借款都大概是偌濟我即嘛需要一筆租金想要看覓用保單借款的方式借問一個借款的利率是偌濟嫌款的方式要安怎處理敢會影響到保單的效率抑是將來的復,你好我有一張凱基人壽的終身壽險保單我想詢問保單借款的相關事宜請問目前這張保單有多少保單價值準備金可以借款的額度大概是多少我目前需要一筆週轉金想看看用保單借款的方式請問借款的利率是多少還款的方式怎麼處理會不會影響到保單的效力或是將來的給付,7169.6,0.195,,,,
fire-red-asr2,codec,15.0,h0007,policy,1,ok,36.836,40.68,你好我有一張凱靈受重新掃保單我想要問報單借款的相關宜請問即即張報單有多些保單的達準備緊下當借款的度大概是偌多濟我即嘛需要一筆租緊想要看覓用報單借款的方式借問一個借款的利率是偌濟款的方式要安怎處理敢會影響到報單的效率抑是將來的複復,你好我有一張凱基人壽的終身壽險保單我想詢問保單借款的相關事宜請問目前這張保單有多少保單價值準備金可以借款的額度大概是多少我目前需要一筆週轉金想看看用保單借款的方式請問借款的利率是多少還款的方式怎麼處理會不會影響到保單的效力或是將來的給付,6583.9,0.179,,,,
fire-red-asr2,echo,15.0,h0007,policy,1,ok,36.836,49.15,好我有一張受重心保單我想要問保單借款相關伊請問即即張有濟保單的準備當款大概是偌濟我即馬需要一金想要看覓用保款的方式就問一個借款的利率是偌濟款的方式該安怎處理影響到保的效也是將來的復,你好我有一張凱基人壽的終身壽險保單我想詢問保單借款的相關事宜請問目前這張保單有多少保單價值準備金可以借款的額度大概是多少我目前需要一筆週轉金想看看用保單借款的方式請問借款的利率是多少還款的方式怎麼處理會不會影響到保單的效力或是將來的給付,6920.7,0.188,,,,
fire-red-asr2,babble,15.0,h0007,policy,1,ok,36.836,41.53,你好我有一張太然受重心掃保單我想要問保單借款的相關宜請問即即張保單有偌濟保單的準備緊下這款的都大概是偌濟我即嘛需要一筆租鑽緊想要看覓用保單借款的方式借問一個借款的利率是偌濟款的方式要安怎處理敢會影響到保單的效率抑是將來誒復,你好我有一張凱基人壽的終身壽險保單我想詢問保單借款的相關事宜請問目前這張保單有多少保單價值準備金可以借款的額度大概是多少我目前需要一筆週轉金想看看用保單借款的方式請問借款的利率是多少還款的方式怎麼處理會不會影響到保單的效力或是將來的給付,6524.2,0.177,,,,
fire-red-asr2,clean,,h0008,product,1,ok,32.873,39.09,你好我想要了解恁有適合四十歲左右買健康險我即無任何誒健康方面的保障想要替家己規劃一個完整的醫療保障計劃我較要緊是院嘅醫療甲重機病部分請問恁有倒一寡商品當推薦保費大概是偌濟抑佫有各個人的商品主要保障範圍是啥,你好我想了解你們有沒有適合四十歲左右購買的健康險我目前沒有任何健康方面的保障想幫自己規劃一個完整的醫療保障計畫我比較在意的是住院醫療跟重大疾病的部分請問你們有哪些商品可以推薦保費大概是多少以及各個商品的主要保障範圍是什麼,5650.8,0.172,,,,
fire-red-asr2,codec,15.0,h0008,product,1,ok,32.873,39.09,好我想要了解恁有適合四十歲左右買健康險我即無任何誒健康方面的保障漲想要替自己規劃一個完整的醫療保障計劃我較要緊是院嘅醫療甲重大機定的部分請問恁有倒一寡商品當推薦保費大概是偌濟抑佫有各人的商品主要保障範圍是啥,你好我想了解你們有沒有適合四十歲左右購買的健康險我目前沒有任何健康方面的保障想幫自己規劃一個完整的醫療保障計畫我比較在意的是住院醫療跟重大疾病的部分請問你們有哪些商品可以推薦保費大概是多少以及各個商品的主要保障範圍是什麼,6017.9,0.183,,,,
fire-red-asr2,echo,15.0,h0008,product,1,ok,32.873,40.0,好我想要了解恁適合四十歲左右買健康險我即嘛無任何健康方面的保障想要家己規劃一個完整的醫療保障計劃我較要緊是院嘅醫療甲重代己部分請問恁有一寡商品推保費代概是偌濟佫有各人的商品主要保障範圍是,你好我想了解你們有沒有適合四十歲左右購買的健康險我目前沒有任何健康方面的保障想幫自己規劃一個完整的醫療保障計畫我比較在意的是住院醫療跟重大疾病的部分請問你們有哪些商品可以推薦保費大概是多少以及各個商品的主要保障範圍是什麼,5594.6,0.17,,,,
fire-red-asr2,babble,15.0,h0008,product,1,ok,32.873,40.0,汝好我想要了解恁有適合四十歲左右馬健康險我即無任何誒健康方面的保障想要家己規劃一個完整的醫療保障計劃我較要緊是院誒醫療嘎重機部分請問恁有倒一寡商品當推薦保費大概是偌濟佫有各個人的商品主要保障範圍是啥,你好我想了解你們有沒有適合四十歲左右購買的健康險我目前沒有任何健康方面的保障想幫自己規劃一個完整的醫療保障計畫我比較在意的是住院醫療跟重大疾病的部分請問你們有哪些商品可以推薦保費大概是多少以及各個商品的主要保障範圍是什麼,5635.2,0.171,,,,
fire-red-asr2,clean,,h0009,product,1,ok,35.649,49.59,你好我想要問你心空太健康險內容聽業務講即個商品保獎真完正整正毋過我想要多瞭解一寡說者特別是手術甲誒部分是安怎計算另外我想要知影態期時是偌久若是蛋態期內發生一遍抑是意外保獎是完全無抑是有啥物內外誒狀況報擔條款內底有啥物需要特別注意誒所在無,你好我想詢問你們心康泰健康險的內容聽業務說這個商品保障很完整但我想多了解一些細節特別是手術跟住院的部分是怎麼計算的另外我想知道等待期是多久如果在等待期內發生疾病或是意外保障是完全沒有還是有什麼例外的情況保單條款裡面有沒有什麼需要特別注意的地方,6271.6,0.176,,,,
fire-red-asr2,codec,15.0,h0009,product,1,ok,35.649,46.28,好我想要問你心太健康險內容聽業務講即個商品保獎真完正毋過我想要多瞭解一寡說細者特別是手術甲誒部分是安怎計算的另外我想要知影等態期時是多久若是等態期內發生一併抑是意外保獎是完全無抑是有啥物內外誒狀況報擔條款內底有啥物需要特別注意誒所在無,你好我想詢問你們心康泰健康險的內容聽業務說這個商品保障很完整但我想多了解一些細節特別是手術跟住院的部分是怎麼計算的另外我想知道等待期是多久如果在等待期內發生疾病或是意外保障是完全沒有還是有什麼例外的情況保單條款裡面有沒有什麼需要特別注意的地方,6115.1,0.172,,,,
fire-red-asr2,echo,15.0,h0009,product,1,ok,35.649,46.28,你我想要問你空太健康險內容聽業務講即個商品保真完整唔過我想多瞭解一細特別是手術甲部分是安怎計算另外我想要知影蛋臺期時是偌久若是蛋臺內發生一啊是意外保障是完全無啊是有甚麼外狀況報條款法內底有啥麼需要特別注意誒所在無,你好我想詢問你們心康泰健康險的內容聽業務說這個商品保障很完整但我想多了解一些細節特別是手術跟住院的部分是怎麼計算的另外我想知道等待期是多久如果在等待期內發生疾病或是意外保障是完全沒有還是有什麼例外的情況保單條款裡面有沒有什麼需要特別注意的地方,6993.3,0.196,,,,
fire-red-asr2,babble,15.0,h0009,product,1,ok,35.649,42.98,美好我想要問恁太健康險的內容聽業務講即個商品保障真完整正毋過我想加了解一寡細節特別是手術甲誒部分是安怎計算另外我想要知影等態期時是偌久若是等態期內發生一遍抑是意外保獎是完全無抑是有甚麼內外誒狀況保擔條款內底有啥麼需要特別注意誒所在無,你好我想詢問你們心康泰健康險的內容聽業務說這個商品保障很完整但我想多了解一些細節特別是手術跟住院的部分是怎麼計算的另外我想知道等待期是多久如果在等待期內發生疾病或是意外保障是完全沒有還是有什麼例外的情況保單條款裡面有沒有什麼需要特別注意的地方,6418.3,0.18,,,,
fire-red-asr2,clean,,h0010,premium,1,ok,33.16,58.33,你好我的寶單要到期啊想要請問一個四包的流程是寫有需要重心做健康個抑是體檢另外四包的報費感誒是因為年齡加來調去起我已經六十五年報費啊想要確定一個若是即屆誒時陣若是保護保獎的內容敢會有啥物變動抑是講有佫較好的誒商品會等互我參考一個,你好我的保單快到期了想請問續保的流程是什麼需要重新做健康告知或是體檢嗎另外續保的保費會不會因為年齡增加而調漲我已經繳了十五年的保費想確認一下如果這次續保保障內容會不會有什麼變動或者有沒有更好的商品可以讓我參考評估看看,6329.5,0.191,,,,
fire-red-asr2,codec,15.0,h0010,premium,1,ok,33.16,59.26,你好我的單要到期啊想要請問一個四包的流程是寫有需要重心做健康個抑是體點另外四包的報費感誒是因為年齡來調去起我已經六十五年報費啊想要確定一個若是即屆時陣若是保護保獎的內容敢會有啥物變動抑是講有個較好誒商品會等互我參考一個,你好我的保單快到期了想請問續保的流程是什麼需要重新做健康告知或是體檢嗎另外續保的保費會不會因為年齡增加而調漲我已經繳了十五年的保費想確認一下如果這次續保保障內容會不會有什麼變動或者有沒有更好的商品可以讓我參考評估看看,5662.9,0.171,,,,
fire-red-asr2,echo,15.0,h0010,premium,1,ok,33.16,62.04,你我的寶到底想要請問一個四包的流是寫有需要重心做健康啊是體點另外四包的報費是因為年齡來調我已六十五年報費啊想要確定一個若是即時陣若是保種內容敢有甚病毒抑是講有個較好商品等互我參考一個,你好我的保單快到期了想請問續保的流程是什麼需要重新做健康告知或是體檢嗎另外續保的保費會不會因為年齡增加而調漲我已經繳了十五年的保費想確認一下如果這次續保保障內容會不會有什麼變動或者有沒有更好的商品可以讓我參考評估看看,5684.1,0.171,,,,
fire-red-asr2,babble,15.0,h0010,premium,1,ok,33.16,56.48,你好我的寶單要到期啊想要請問一個四包誒流程是寫有需要重心做健康個抑是體檢另外四包的報費誒是因為年齡來調起我已經六十五年報費啊想要確定一個若是即時若是保護保獎的誒內容敢會有啥麼變動抑是講有佫較好誒商品會等互我參考一個,你好我的保單快到期了想請問續保的流程是什麼需要重新做健康告知或是體檢嗎另外續保的保費會不會因為年齡增加而調漲我已經繳了十五年的保費想確認一下如果這次續保保障內容會不會有什麼變動或者有沒有更好的商品可以讓我參考評估看看,6976.1,0.21,,,,
fire-red-asr2,clean,,h0011,claim,1,ok,35.279,49.57,你好我想要申請開支人傷害保險金我頂個月骹車無日倒做成數骨佇平院院三另外出院了後嘛四門真負責請問一個即個精申請傷害院保險金門診福建的費用有佇咧保障範圍內底無有坐誒話講有另外誒舊質保險金誒申請啊需要準備倒一寡物件,你好我想申請凱基人壽的傷害保險金我上個月騎腳踏車不小心跌倒造成鎖骨骨折在醫院住院三天另外出院之後也持續在門診復健請問這個情況可以申請傷害住院保險金嗎門診復健的費用有沒有在保障範圍內骨折的話有沒有另外的骨折保險金可以申請需要準備哪些文件,6243.0,0.177,,,,
fire-red-asr2,codec,15.0,h0011,claim,1,ok,35.279,45.3,你好我想要申請開機人壽的傷害保險金我頂個月骹車無日倒做成數骨佇院院三另外出院了後嘛門津負責請問一個即個精申請傷害院保險金門津福建的費用有佇個保障範圍內底無的話工有另外誒舊質保險金誒檔申請啊需要準備倒一寡文件,你好我想申請凱基人壽的傷害保險金我上個月騎腳踏車不小心跌倒造成鎖骨骨折在醫院住院三天另外出院之後也持續在門診復健請問這個情況可以申請傷害住院保險金嗎門診復健的費用有沒有在保障範圍內骨折的話有沒有另外的骨折保險金可以申請需要準備哪些文件,6344.7,0.18,,,,
fire-red-asr2,echo,15.0,h0011,claim,1,ok,35.279,53.85,你好我想要申請開機人傷害保險金我頂個月骹車倒三另外出院了後嘛負責請問一個即個申請傷害保險金津福費用有佇保障範圍內底無的話有另外誒質保險金申請啊需要準備倒一寡文件,你好我想申請凱基人壽的傷害保險金我上個月騎腳踏車不小心跌倒造成鎖骨骨折在醫院住院三天另外出院之後也持續在門診復健請問這個情況可以申請傷害住院保險金嗎門診復健的費用有沒有在保障範圍內骨折的話有沒有另外的骨折保險金可以申請需要準備哪些文件,5998.8,0.17,,,,
fire-red-asr2,babble,15.0,h0011,claim,1,ok,35.279,50.43,你好我想要申請開機人傷害保險金我頂個月骹車無日倒坐成數不折佇平院院三另外出院了後嘛四佇門負責請問一個即個精感申請傷害院保險金診福建的費用有佇個保障範圍內底無坐誒話有另外誒固質保險金誒檔膽申請啊需要準備倒一寡物件,你好我想申請凱基人壽的傷害保險金我上個月騎腳踏車不小心跌倒造成鎖骨骨折在醫院住院三天另外出院之後也持續在門診復健請問這個情況可以申請傷害住院保險金嗎門診復健的費用有沒有在保障範圍內骨折的話有沒有另外的骨折保險金可以申請需要準備哪些文件,6058.4,0.172,,,,
fire-red-asr2,clean,,h0012,claim,1,ok,34.286,46.55,你好我頂個月有申請你陪即想要確定一個新河進度我是佇咧三月初提出申請請問一個即案件的狀況安佫需要多久才會完成信核我佇推出申請時陣有付去病醫開的所有段假費用收毋知影是毋是佫有啥物資料無全若是需要報一定麻煩甲我講我會當準備,你好我上個月有申請理賠現在想確認一下審核進度我是在三月初提出申請的請問目前案件的狀況如何還需要多久才會完成審核我在提出申請的時候有附上醫院開的所有診斷書跟費用收據不知道是不是還有什麼資料不齊全如果需要補件的話麻煩告訴我我可以盡快準備,5943.6,0.173,,,,
fire-red-asr2,codec,15.0,h0012,claim,1,ok,34.286,45.69,你好我頂個月有申請你陪即想要確定一個新河進度我是佇咧三月初期提出申請請問一個即案件的狀況安佫需要多久才會完成信核我佇提出申請時陣有付起病院開的所有段甲費用收毋知影是毋是擱有啥物資料無解全若是需要無一定麻煩甲我講我會準備,你好我上個月有申請理賠現在想確認一下審核進度我是在三月初提出申請的請問目前案件的狀況如何還需要多久才會完成審核我在提出申請的時候有附上醫院開的所有診斷書跟費用收據不知道是不是還有什麼資料不齊全如果需要補件的話麻煩告訴我我可以盡快準備,6208.6,0.181,,,,
fire-red-asr2,echo,15.0,h0012,claim,1,ok,34.286,50.0,你好我頂個月有申請賠即想要確定一個新河我是佇咧三月期提出申請請問一個即案件的狀況安需要多久才會完成新信核我佇提出新申遷時陣有付開所有暑假費用收唔知影是毋是佫有啥物資料無解全若是需要件麻煩甲我講我會準備,你好我上個月有申請理賠現在想確認一下審核進度我是在三月初提出申請的請問目前案件的狀況如何還需要多久才會完成審核我在提出申請的時候有附上醫院開的所有診斷書跟費用收據不知道是不是還有什麼資料不齊全如果需要補件的話麻煩告訴我我可以盡快準備,5947.8,0.173,,,,
fire-red-asr2,babble,15.0,h0012,claim,1,ok,34.286,46.55,汝好我頂個月有申請你陪即想要確定一個新河進度我是佇咧三月期提出申請請問一個即案件誒狀況安都需要多久才會完成信核我佇提出申請時陣有付起病開的所有診段暑費用收毋知影是毋是擱有啥物資料無全若是需要補一件麻煩甲我講我會緊準備,你好我上個月有申請理賠現在想確認一下審核進度我是在三月初提出申請的請問目前案件的狀況如何還需要多久才會完成審核我在提出申請的時候有附上醫院開的所有診斷書跟費用收據不知道是不是還有什麼資料不齊全如果需要補件的話麻煩告訴我我可以盡快準備,5862.3,0.171,,,,
fire-red-asr2,clean,,h0013,beneficiary,1,ok,35.729,45.9,汝好我想要辦理受人我盡前定受益人是我誒前人太太毋過咱一定離婚啊我想要把收益人改做是我即擺的太太請問一個即個手術是要安怎另外我嘛想要確定一個除了受益人以外我聯絡自己甲電話嘛需要做會佫較新請問遮誒資料變需要親新去公司辦理抑是會當用線頂誒方式來處理,你好我想要辦理受益人變更我之前設定的受益人是我前任太太但是我們已經離婚了我想把受益人改成我現在的太太請問這個手續要怎麼辦理另外我也想確認一下除了受益人之外我的聯絡地址跟電話也需要一起更新請問這些資料變更需要親自到公司辦理還是可以用線上的方式處理,6607.2,0.185,,,,
fire-red-asr2,codec,15.0,h0013,beneficiary,1,ok,35.729,43.44,你好我想要辦理受藝人我盡前定受益人是我的情人太太唔過咱一定離婚啊我想要把收益人改做是我即嘛的太太請問一個即個手是要安怎另外我嘛想要確定一個除了受益人以外我的聯絡自己甲電話嘛需要做會佫較深請問這的資料變經需要親新去公司辦理抑是會當用線頂的方式來處理,你好我想要辦理受益人變更我之前設定的受益人是我前任太太但是我們已經離婚了我想把受益人改成我現在的太太請問這個手續要怎麼辦理另外我也想確認一下除了受益人之外我的聯絡地址跟電話也需要一起更新請問這些資料變更需要親自到公司辦理還是可以用線上的方式處理,6200.5,0.174,,,,
fire-red-asr2,echo,15.0,h0013,beneficiary,1,ok,35.729,49.18,你好我想要辦理受人我進將定受益人是我的前人太太咱一離啊我想要甲受人改是我即嘛的太太請問一個即個手是欲安怎理另外我嘛想要確定一個除了守人以外我的組電話嘛需要做會佫較新請問這的資料頂需要清新去公司辦理也是會當用線頂誒方式來處理,你好我想要辦理受益人變更我之前設定的受益人是我前任太太但是我們已經離婚了我想把受益人改成我現在的太太請問這個手續要怎麼辦理另外我也想確認一下除了受益人之外我的聯絡地址跟電話也需要一起更新請問這些資料變更需要親自到公司辦理還是可以用線上的方式處理,6283.3,0.176,,,,
fire-red-asr2,babble,15.0,h0013,beneficiary,1,ok,35.729,45.9,汝好我想要辦理受藝人我盡前定誒受益人是我誒前人太太毋過咱一定離婚啊我想要把收益人改做是我即嘛的太太請問一個即個手是要安怎另外我嘛想要確定一個除了受益人以外我聯絡自己甲電話嘛需要做會佫較新請問遮誒資料經需要親新去公司辦理抑是會等用線頂誒方式來處理,你好我想要辦理受益人變更我之前設定的受益人是我前任太太但是我們已經離婚了我想把受益人改成我現在的太太請問這個手續要怎麼辦理另外我也想確認一下除了受益人之外我的聯絡地址跟電話也需要一起更新請問這些資料變更需要親自到公司辦理還是可以用線上的方式處理,6183.8,0.173,,,,
fire-red-asr2,clean,,h0014,surrender,1,ok,34.006,55.83,你好我最近底考慮講要戒獄無我即張保單已定六八年啊想要了解一個是即戒獄我會偌多戒約金轉來甲總是保費比代大概了偌濟啊我知影即教育可能無寫會好毋過我即嘛資金較暗嘛有考慮用保單這款方式請問保單這款甲獄比起來倒一個對我較有利會當替我分析一個,你好我最近在考慮要不要解約我這張保單已經繳了八年想了解一下如果現在解約我可以拿回多少解約金跟總繳保費相比大概虧損多少我知道現在解約可能不太划算但我目前資金比較緊也有考慮用保單借款的方式請問保單借款跟解約相比哪個對我比較有利可以幫我分析一下嗎,5867.4,0.173,,,,
fire-red-asr2,codec,15.0,h0014,surrender,1,ok,34.006,55.83,你好我最近考慮講要戒育無我即張保單已經六八年啊想要了解一個是即戒獄我會偌多戒約金轉來甲總是來保費比大概了偌濟啊我知影即教育可能無寫會好毋唔過我即嘛資金較暗嘛有考慮用保單這款的方式請問保單這款甲獄比起來倒一個對我較有利敢會當替我分析一個,你好我最近在考慮要不要解約我這張保單已經繳了八年想了解一下如果現在解約我可以拿回多少解約金跟總繳保費相比大概虧損多少我知道現在解約可能不太划算但我目前資金比較緊也有考慮用保單借款的方式請問保單借款跟解約相比哪個對我比較有利可以幫我分析一下嗎,5890.3,0.173,,,,
fire-red-asr2,echo,15.0,h0014,surrender,1,ok,34.006,55.83,汝好我最近考慮講要獄無我即張保一經六八年想要了解一個是即戒獄我會膽偌濟戒約轉來甲總是保費你大概了偌濟啊我知影即戒可能無毋過我即嘛資金較嘛有慮用保單款方式請問保單這款甲比起來倒一個對我較有利我分析一個,你好我最近在考慮要不要解約我這張保單已經繳了八年想了解一下如果現在解約我可以拿回多少解約金跟總繳保費相比大概虧損多少我知道現在解約可能不太划算但我目前資金比較緊也有考慮用保單借款的方式請問保單借款跟解約相比哪個對我比較有利可以幫我分析一下嗎,5955.1,0.175,,,,
fire-red-asr2,babble,15.0,h0014,surrender,1,ok,34.006,59.17,汝好我最近考慮講要戒獄無我即張保單已定六八年啊想要了解一個是即戒獄我會摕偌濟戒約金轉來甲總是保費比代大概了偌濟啊我知影即教育可能無寫會好毋過我即資金較暗嘛有考慮用保單這款誒方式請問保單這款甲獄比起來倒一個對我較有利等誒會膽替我分析一個,你好我最近在考慮要不要解約我這張保單已經繳了八年想了解一下如果現在解約我可以拿回多少解約金跟總繳保費相比大概虧損多少我知道現在解約可能不太划算但我目前資金比較緊也有考慮用保單借款的方式請問保單借款跟解約相比哪個對我比較有利可以幫我分析一下嗎,6601.0,0.194,,,,
fire-red-asr2,clean,,h0015,claim,1,ok,34.079,49.58,你好阮太太舊年底較真自做手術甲化療咱有保開人所誒證保險已經申請啊頭一擺的保險金今想要佫申請化療甲誒部分車門化療保險金是照療抑是照費用是報實效院誒時陣若有佇家病房家病房誒保險金甲普通房誒計算方式共款,你好我太太去年底確診乳癌有做手術跟化療我們有投保凱基人壽的癌症保險已經申請了初次診斷的保險金現在想再申請化療跟住院的部分請問化療保險金是按照療程次數計算還是按照費用實報實銷住院期間如果有在加護病房加護病房的保險金跟普通病房的計算方式一樣嗎,6222.8,0.183,,,,
fire-red-asr2,codec,15.0,h0015,claim,1,ok,34.079,47.9,你好阮太太舊年底較真自手術甲化療咱有保人所誒證保險已經申請啊頭一擺保險金今想要佫申請化療甲到甲誒部分車門化療保險金是照療數抑是照費用是報實銷院誒時陣若有家病房病房的保險金甲普通病房誒計算方式共同款,你好我太太去年底確診乳癌有做手術跟化療我們有投保凱基人壽的癌症保險已經申請了初次診斷的保險金現在想再申請化療跟住院的部分請問化療保險金是按照療程次數計算還是按照費用實報實銷住院期間如果有在加護病房加護病房的保險金跟普通病房的計算方式一樣嗎,5884.6,0.173,,,,
fire-red-asr2,echo,15.0,h0015,claim,1,ok,34.079,62.18,你好阮太太舊年底真這術化療咱有到人數保險新鮮頭一擺短的保險金今想佫新鮮化療甲部分車門化療保險金是較強術數是費用實時陣有房房保險金甲普通房計算式共,你好我太太去年底確診乳癌有做手術跟化療我們有投保凱基人壽的癌症保險已經申請了初次診斷的保險金現在想再申請化療跟住院的部分請問化療保險金是按照療程次數計算還是按照費用實報實銷住院期間如果有在加護病房加護病房的保險金跟普通病房的計算方式一樣嗎,5802.9,0.17,,,,
fire-red-asr2,babble,15.0,h0015,claim,1,ok,34.079,47.9,你好阮太太舊年底較真自然做手術甲化療咱有保開機人數誒保險已經申請啊頭一擺的保險金今想要佫申請化療甲誒部分車門化療保險金是照療抑是照費用是報實銷院誒時陣若有家病房家病房誒保險金甲普通病房誒計算方式同款,你好我太太去年底確診乳癌有做手術跟化療我們有投保凱基人壽的癌症保險已經申請了初次診斷的保險金現在想再申請化療跟住院的部分請問化療保險金是按照療程次數計算還是按照費用實報實銷住院期間如果有在加護病房加護病房的保險金跟普通病房的計算方式一樣嗎,5782.9,0.17,,,,
fire-red-asr2,clean,,h0016,premium,1,ok,34.425,60.0,你好我想要確定一個我的保費記錄因為我最近換著銀行嘅賬號想要確定頂個月誒報費敢有成功款無著話是要安保啦另外我想要問看覓是毋是會當改變費誒方式對即擺月六改做年你誒六我滴年六較俗問一個若是改做四年六逐年誒報費大概是偌濟對啥麼時陣開始生效,你好我想確認一下我的保費繳費紀錄因為我最近換了銀行帳號想確認上個月的保費有沒有成功扣款如果沒有扣到的話要怎麼補繳另外我想詢問能不能改變繳費方式從現在的月繳改成年繳我記得年繳好像會比較便宜請問如果改成年繳每年的保費大概是多少從什麼時候開始生效,6142.0,0.178,,,,
fire-red-asr2,codec,15.0,h0016,premium,1,ok,34.425,57.5,你好我想要確定一個我的保廢綠費記錄因為我最近換到銀行的賬號想要確定頂個月的報費敢有成功扣款無著誒話是要安補啦另外我想要問看覓是毋是會咱改變綠費誒方式對即擺的月六改做年你誒六我會滴年六仔較俗借問一個若是改做四年六逐年誒報費大概是偌濟對啥麼時陣開始生效,你好我想確認一下我的保費繳費紀錄因為我最近換了銀行帳號想確認上個月的保費有沒有成功扣款如果沒有扣到的話要怎麼補繳另外我想詢問能不能改變繳費方式從現在的月繳改成年繳我記得年繳好像會比較便宜請問如果改成年繳每年的保費大概是多少從什麼時候開始生效,6035.6,0.175,,,,
fire-red-asr2,echo,15.0,h0016,premium,1,ok,34.425,63.33,好我想要確定一個我的報廢費記錄因為我最近換銀行的賬號想要確定頂個月報費成若無話是要安另外我想要問看覓是改方式對即月做我年較問一個是改做四年逐年誒報費大概是偌濟對啥時陣開始生,你好我想確認一下我的保費繳費紀錄因為我最近換了銀行帳號想確認上個月的保費有沒有成功扣款如果沒有扣到的話要怎麼補繳另外我想詢問能不能改變繳費方式從現在的月繳改成年繳我記得年繳好像會比較便宜請問如果改成年繳每年的保費大概是多少從什麼時候開始生效,5970.9,0.173,,,,
fire-red-asr2,babble,15.0,h0016,premium,1,ok,34.425,62.5,汝好我想要確定一個我的保血費記錄因為我最近換到人行的賬號想要確定頂個月誒報費有成功款無誒話是要安另外我想要問看覓是毋是會等改變費誒方式對即擺話改做年你誒六我會記得年六較俗問一個若是改做是四年六但年誒報費大概是偌濟對啥麼時陣開始生效,你好我想確認一下我的保費繳費紀錄因為我最近換了銀行帳號想確認上個月的保費有沒有成功扣款如果沒有扣到的話要怎麼補繳另外我想詢問能不能改變繳費方式從現在的月繳改成年繳我記得年繳好像會比較便宜請問如果改成年繳每年的保費大概是多少從什麼時候開始生效,5867.1,0.17,,,,
fire-red-asr2,clean,,h0017,policy,1,ok,34.79,42.06,你好我收一份保單條款的身通知毋過內底的文我看無我想要請你替我介紹一個保單條款內底幾個較重要的項目特別是獨我責任誒部分另外我想要確定一個我的包單有包含保障獎若是因為意外抑是一做成保險公司的護復標準是安怎計算講互我一個代概誒說明,你好我收到一份保單條款的更新通知但是裡面的文字很多我看不懂我想請幫我解釋一下保單條款裡面幾個比較重要的項目特別是除外責任的部分另外我想確認一下我的保單有沒有包含失能的保障如果因為意外或是疾病造成殘廢保險公司的給付標準是怎麼計算的可以給我一個大概的說明嗎,6069.1,0.174,,,,
fire-red-asr2,codec,15.0,h0017,policy,1,ok,34.79,40.48,你好我收到一份報單條款的身通知毋過內底的文濟我看無我想要請你替我介紹一個報單條款內底幾個較重要的項目特別是獨我責任的部分另外我想要確定一個我的包單有包含保障若是因為意外抑是一名做成保險公司的護復標準是安怎計算的講互我一個代概誒說明,你好我收到一份保單條款的更新通知但是裡面的文字很多我看不懂我想請幫我解釋一下保單條款裡面幾個比較重要的項目特別是除外責任的部分另外我想確認一下我的保單有沒有包含失能的保障如果因為意外或是疾病造成殘廢保險公司的給付標準是怎麼計算的可以給我一個大概的說明嗎,6424.4,0.185,,,,
fire-red-asr2,echo,15.0,h0017,policy,1,ok,34.79,43.65,你好我收一份保單條款的身通知毋過內底的文濟我看無我想要請你替我介紹一個保單條款內底幾個較重要的項目特別是我責任的部分另外我想要確定一個我的包單有包含保障若是因為意外抑是一做保險公司的護標準是安怎計算等互我一個,你好我收到一份保單條款的更新通知但是裡面的文字很多我看不懂我想請幫我解釋一下保單條款裡面幾個比較重要的項目特別是除外責任的部分另外我想確認一下我的保單有沒有包含失能的保障如果因為意外或是疾病造成殘廢保險公司的給付標準是怎麼計算的可以給我一個大概的說明嗎,6620.7,0.19,,,,
fire-red-asr2,babble,15.0,h0017,policy,1,ok,34.79,43.65,汝好我收一份保單條款的神通知毋過內底的誒文濟我看無我想要請你替我介紹一個保報單條款內底幾個較重要的項目特別是獨我責任誒部分另外我想要確定一個我的包單有包含保障獎若是因為意外抑是一做成保險公司的互付標準是安怎計算的講等互我一個代概誒說,你好我收到一份保單條款的更新通知但是裡面的文字很多我看不懂我想請幫我解釋一下保單條款裡面幾個比較重要的項目特別是除外責任的部分另外我想確認一下我的保單有沒有包含失能的保障如果因為意外或是疾病造成殘廢保險公司的給付標準是怎麼計算的可以給我一個大概的說明嗎,6934.5,0.199,,,,
fire-red-asr2,clean,,h0018,product,1,ok,33.506,43.59,你好我是替阮爸母詢聞保險的代志因兩位即六十五歲左右請問恁講有適合是大人買誒醫療保險是講受險保費毋通傷貴啊阮爸母即身體猶佫算健康毋過年會難免誒煩惱想要替因規劃一個基本的保獎請問以六十五歲投保一年誒保報費大概愛偌濟保獎的內用有一寡,你好我是替我父母詢問保險的事情他們兩位現在六十五歲左右請問你們有沒有適合長輩購買的醫療保險或是壽險保費不要太貴的我父母目前身體還算健康但年紀大了難免會擔心想幫他們規劃一個基本的保障請問以六十五歲投保一年的保費大概要多少保障的內容有哪些,7238.5,0.216,,,,
fire-red-asr2,codec,15.0,h0018,product,1,ok,33.506,43.59,你好我是替阮爸父母詢保險的代志因兩位即六十五歲左右請問恁講有適合是大人買誒醫療保險抑是講受險報費毋通貴啊阮爸母即身體猶佫算健康毋過年會啊難免誒煩惱想要替因規劃一個基本的保獎請問以六十五歲投保一年誒報費大概愛偌濟保獎的內容有一寡,你好我是替我父母詢問保險的事情他們兩位現在六十五歲左右請問你們有沒有適合長輩購買的醫療保險或是壽險保費不要太貴的我父母目前身體還算健康但年紀大了難免會擔心想幫他們規劃一個基本的保障請問以六十五歲投保一年的保費大概要多少保障的內容有哪些,5976.7,0.178,,,,
fire-red-asr2,echo,15.0,h0018,product,1,ok,33.506,43.59,好我是替阮爸母新聞保險的代志因兩位即六十五歲左右請問恁有適合是人買醫療保險啊是受險保費收貴啊阮爸母即身體猶佫算健康毋過年會啊難免煩惱想要替因規劃一個基本保障請問以六十五歲保一年的報費大概愛濟保獎的內容有一,你好我是替我父母詢問保險的事情他們兩位現在六十五歲左右請問你們有沒有適合長輩購買的醫療保險或是壽險保費不要太貴的我父母目前身體還算健康但年紀大了難免會擔心想幫他們規劃一個基本的保障請問以六十五歲投保一年的保費大概要多少保障的內容有哪些,5735.1,0.171,,,,
fire-red-asr2,babble,15.0,h0018,product,1,ok,33.506,43.59,汝好我是替阮爸父母詢保險的代志因兩位即六十五歲左右請問恁有適合是大人買誒醫療保險抑是講受險保費毋通傷貴啊阮爸母即身體猶佫算健康毋過年會啊難免誒煩惱想要替因規劃一個基本的保獎請問以六十五歲投保一年誒保報費大概要偌濟保獎的內用有一寡,你好我是替我父母詢問保險的事情他們兩位現在六十五歲左右請問你們有沒有適合長輩購買的醫療保險或是壽險保費不要太貴的我父母目前身體還算健康但年紀大了難免會擔心想幫他們規劃一個基本的保障請問以六十五歲投保一年的保費大概要多少保障的內容有哪些,5644.8,0.168,,,,
fire-red-asr2,clean,,h0019,policy,1,ok,31.812,48.21,好我最近結婚啊阮太太嘛希望會有一個保獎我想要替伊保請問會膽替我說明一個目前有倒一適合新婚你買保險品無咱打算明年要生囝仔所以我嘛想要了解看覓敢有對生囝仔抑是無保獎品抑佫有囝仔出世了後是欲安替伊規劃保險多謝你誒說明,你好我最近結婚了我太太也希望能有一個保障我想幫她投保請問可以幫我說明一下目前有哪些適合新婚女性購買的保險商品嗎我們打算明年要生小孩所以我也想了解看看有沒有針對生育或是母嬰保障的商品以及小孩出生之後要怎麼幫他規劃保險謝謝的說明,5484.3,0.172,,,,
fire-red-asr2,codec,15.0,h0019,policy,1,ok,31.812,48.21,好我最近結婚啊阮太太嘛希望會有一個保獎我想要替伊投保請問會膽替我說明一個目前有倒一寡適合新婚你買誒保險品無咱打算明年要生囝仔所以我嘛想要了解看覓敢有對生囝仔抑是無用保獎的品抑佫有囝仔出世了後是欲安替伊規劃保險多謝你誒說明,你好我最近結婚了我太太也希望能有一個保障我想幫她投保請問可以幫我說明一下目前有哪些適合新婚女性購買的保險商品嗎我們打算明年要生小孩所以我也想了解看看有沒有針對生育或是母嬰保障的商品以及小孩出生之後要怎麼幫他規劃保險謝謝的說明,5412.1,0.17,,,,
fire-red-asr2,echo,15.0,h0019,policy,1,ok,31.812,56.25,你好我最近結婚啊阮太太嘛希望一個保獎我想要替伊投保請個替我說一個有倒一適合新婚買保險相品咱拍算年生所以我嘛想要了解看覓物對生仔是無保獎品啊佫有囝仔出世了後是要替伊規保險多謝你誒說命,你好我最近結婚了我太太也希望能有一個保障我想幫她投保請問可以幫我說明一下目前有哪些適合新婚女性購買的保險商品嗎我們打算明年要生小孩所以我也想了解看看有沒有針對生育或是母嬰保障的商品以及小孩出生之後要怎麼幫他規劃保險謝謝的說明,5907.9,0.186,,,,
fire-red-asr2,babble,15.0,h0019,policy,1,ok,31.812,49.11,汝好我最近結婚啊阮太太嘛希望會有一個保獎我想要伊投保請問會膽替我說明一個目前有倒一寡適合新婚你買保險品無咱打算明年生囡仔所以我嘛想要了解看覓敢有對生囡仔抑是無保獎誒品抑佫有囡仔出世了後是欲安替伊規劃保險多謝你誒說明,你好我最近結婚了我太太也希望能有一個保障我想幫她投保請問可以幫我說明一下目前有哪些適合新婚女性購買的保險商品嗎我們打算明年要生小孩所以我也想了解看看有沒有針對生育或是母嬰保障的商品以及小孩出生之後要怎麼幫他規劃保險謝謝的說明,5961.6,0.187,,,,
fire-red-asr2,clean,,h0020,claim,1,ok,34.846,47.5,好我頂個月因為性藥志院攏總工啊我有保開支人壽院醫療保險想要申請院一保險金甲醫療費用互護我佇病院誒時陣有做幾啊項特檢查費用不想要確定檢查費用甘有佇保障範圍裡底另外出院了後閣佫愛繼續會進摕藥啊問診進誒費用敢有法做夥申請,你好我上個月因為急性腎炎住院總共住了十天我有投保凱基人壽的住院醫療保險想要申請住院日額保險金跟醫療費用的給付我在醫院的時候有做了幾項特殊檢查費用不低想確認這些檢查費用有沒有在保障範圍內另外出院之後還要繼續回診拿藥門診的費用有沒有辦法一起申請,6410.1,0.184,,,,
fire-red-asr2,codec,15.0,h0020,claim,1,ok,34.846,45.0,好我頂個月因為性藥子院攏總工啊我有保開辭人壽院醫療保險想要申請院日保險金甲醫療費用的我佇平院誒時陣有做幾啊項特檢查費用不想要確定才愛檢查費用敢有保障範圍裡底另外出院了後佫愛繼續會進藥啊問進誒費用敢有法做夥申請,你好我上個月因為急性腎炎住院總共住了十天我有投保凱基人壽的住院醫療保險想要申請住院日額保險金跟醫療費用的給付我在醫院的時候有做了幾項特殊檢查費用不低想確認這些檢查費用有沒有在保障範圍內另外出院之後還要繼續回診拿藥門診的費用有沒有辦法一起申請,6071.3,0.174,,,,
fire-red-asr2,echo,15.0,h0020,claim,1,ok,34.846,53.33,好我頂個月因為藥志醫院攏總啊我有保受應醫療保險想要申一保險金甲醫療費用護我佇平年誒時陣有做幾啊項檢查費用不低想要確定檢查費用甘有保障範圍內底另外出現了後佫愛繼續進藥啊問進誒費用甘有法做申產,你好我上個月因為急性腎炎住院總共住了十天我有投保凱基人壽的住院醫療保險想要申請住院日額保險金跟醫療費用的給付我在醫院的時候有做了幾項特殊檢查費用不低想確認這些檢查費用有沒有在保障範圍內另外出院之後還要繼續回診拿藥門診的費用有沒有辦法一起申請,6220.4,0.179,,,,
fire-red-asr2,babble,15.0,h0020,claim,1,ok,34.846,45.0,汝好我頂個月因為這性藥志院攏總工啊我有保開人壽院醫療保險想要申請院一保險金甲醫療費用的我佇病院誒時陣有做幾啊項特檢查費用不想要確定檢查費用甘有保障範圍內底另外出院了後閣愛繼續會進摕藥啊問進誒費用敢有法做夥申請,你好我上個月因為急性腎炎住院總共住了十天我有投保凱基人壽的住院醫療保險想要申請住院日額保險金跟醫療費用的給付我在醫院的時候有做了幾項特殊檢查費用不低想確認這些檢查費用有沒有在保障範圍內另外出院之後還要繼續回診拿藥門診的費用有沒有辦法一起申請,5962.4,0.171,,,,
